id;data_inversa;dia_semana;horario;br;km;municipio;causa_acidente;tipo_acidente;classificacao_acidente;fase_dia;sentido_via;condicao_metereologica;tipo_pista;tracado_via;uso_solo;pessoas;mortos;feridos_leves;feridos_graves;ilesos;ignorados;feridos;veiculos;latitude;longitude
158621.0;2018-09-10;segunda-feira;16:30:00;101.0;204.5;JOAO NEIVA;Falta de Atenção à Condução;Colisão transversal;Com Vítimas Feridas;Pleno dia;Decrescente;Céu Claro;Simples;Rotatória;Sim;3;0;1;0;2;0;1;2;-19.75576849;-40.37996471
158642.0;2018-09-10;segunda-feira;17:50:00;101.0;291.9;CARIACICA;Desobediência às normas de trânsito pelo condutor;Colisão com objeto estático;Com Vítimas Fatais;Plena Noite;Decrescente;Nublado;Dupla;Reta;Sim;1;1;0;0;0;0;0;1;-20.3060535;-40.3950862
158661.0;2018-09-10;segunda-feira;18:50:00;101.0;249.9;SERRA;Falta de Atenção à Condução;Colisão transversal;Com Vítimas Feridas;Plena Noite;Crescente;Céu Claro;Simples;Curva;Não;3;0;1;0;2;0;1;2;-20.08128098;-40.35000265
158564.0;2018-09-10;segunda-feira;09:00:00;262.0;5.3;CARIACICA;Velocidade Incompatível;Tombamento;Com Vítimas Feridas;Pleno dia;Crescente;Céu Claro;Dupla;Curva;Sim;1;0;1;0;0;0;1;1;-20.33671097;-40.39022578
164385.0;2018-09-11;terça-feira;19:00:00;101.0;266.7;SERRA;Falta de Atenção à Condução;Colisão transversal;Com Vítimas Feridas;Plena Noite;Crescente;Nublado;Dupla;Reta;Sim;2;0;1;1;0;0;2;2;-20.19676143;-40.26887566
165959.0;2018-09-11;terça-feira;23:30:00;101.0;305.6;VIANA;Condutor Dormindo;Colisão lateral;Com Vítimas Fatais;Plena Noite;Crescente;Garoa/Chuvisco;Simples;Curva;Não;2;1;1;0;0;0;1;2;-20.39201888;-40.46206811
158901.0;2018-09-11;terça-feira;21:30:00;262.0;32.4;DOMINGOS MARTINS;Condutor Dormindo;Colisão com objeto estático;Com Vítimas Fatais;Plena Noite;Decrescente;Chuva;Simples;Curva;Não;1;1;0;0;0;0;0;1;-20.37891616;-40.57764703
158847.0;2018-09-11;terça-feira;18:10:00;101.0;139.5;LINHARES;Falta de Atenção à Condução;Colisão transversal;Com Vítimas Feridas;Plena Noite;Crescente;Chuva;Múltipla;Reta;Sim;3;0;3;0;0;0;3;2;-19.3133152;-40.07842809
158840.0;2018-09-11;terça-feira;17:00:00;259.0;16.2;JOAO NEIVA;Velocidade Incompatível;Colisão traseira;Com Vítimas Feridas;Anoitecer;Crescente;Sol;Simples;Curva;Não;2;0;1;0;1;0;1;2;-19.65940054;-40.43494463
159003.0;2018-09-12;quarta-feira;13:40:00;262.0;3.4;CARIACICA;Falta de Atenção à Condução;Danos eventuais;Sem Vítimas;Pleno dia;Crescente;Céu Claro;Múltipla;Não Informado;Sim;3;0;0;0;2;1;0;2;-20.33487749;-40.37145138
158966.0;2018-09-12;quarta-feira;08:30:00;101.0;130.0;LINHARES;Não guardar distância de segurança;Capotamento;Sem Vítimas;Pleno dia;Decrescente;Nublado;Simples;Desvio Temporário;Não;2;0;0;0;2;0;0;2;-19.16138409;-40.08293152
159043.0;2018-09-12;quarta-feira;17:35:00;101.0;146.0;LINHARES;Desobediência às normas de trânsito pelo condutor;Colisão transversal;Com Vítimas Feridas;Anoitecer;Crescente;Nublado;Dupla;Interseção de vias;Sim;3;0;0;1;2;0;1;2;-19.37537509;-40.06641448
159009.0;2018-09-12;quarta-feira;13:30:00;101.0;139.8;LINHARES;Falta de Atenção à Condução;Colisão traseira;Com Vítimas Feridas;Pleno dia;Crescente;Garoa/Chuvisco;Múltipla;Desvio Temporário;Não;3;0;2;0;1;0;2;2;-19.32409297;-40.07333189
159218.0;2018-09-13;quinta-feira;13:00:00;262.0;17.1;VIANA;Falta de Atenção à Condução;Colisão traseira;Com Vítimas Feridas;Pleno dia;Decrescente;Céu Claro;Simples;Reta;Sim;2;0;0;1;1;0;1;2;-20.3852;-40.4699
159140.0;2018-09-13;quinta-feira;05:30:00;101.0;258.8;SERRA;Animais na Pista;Atropelamento de Animal;Com Vítimas Feridas;Amanhecer;Crescente;Nublado;Dupla;Não Informado;Sim;2;0;0;2;0;0;2;1;-20.13683849;-40.2924335
159167.0;2018-09-13;quinta-feira;07:50:00;262.0;3.9;CARIACICA;Falta de Atenção do Pedestre;Colisão traseira;Com Vítimas Feridas;Pleno dia;Decrescente;Céu Claro;Múltipla;Reta;Não;3;0;0;2;1;0;2;3;-20.3332;-40.3685
159168.0;2018-09-13;quinta-feira;05:30:00;262.0;1.8;CARIACICA;Mal Súbito;Colisão com objeto estático;Com Vítimas Feridas;Amanhecer;Decrescente;Nublado;Dupla;Curva;Sim;2;0;2;0;0;0;2;1;-20.33335983;-40.35982132
159215.0;2018-09-13;quinta-feira;10:55:00;262.0;52.0;MARECHAL FLORIANO;Falta de Atenção à Condução;Colisão traseira;Com Vítimas Feridas;Pleno dia;Decrescente;Chuva;Simples;Reta;Não;2;0;1;0;1;0;1;2;-20.4137;-40.7242
159251.0;2018-09-13;quinta-feira;16:30:00;101.0;225.4;IBIRACU;Velocidade Incompatível;Tombamento;Com Vítimas Feridas;Pleno dia;Crescente;Céu Claro;Simples;Curva;Não;6;0;3;0;3;0;3;3;-19.89731087;-40.41105688
159501.0;2018-09-14;sexta-feira;19:00:00;101.0;66.0;SAO MATEUS;Desobediência às normas de trânsito pelo condutor;Colisão transversal;Sem Vítimas;Plena Noite;Crescente;Céu Claro;Múltipla;Interseção de vias;Sim;2;0;0;0;1;1;0;2;-18.716522;-39.874359000000005
159494.0;2018-09-14;sexta-feira;19:10:00;101.0;268.0;SERRA;Desobediência às normas de trânsito pelo condutor;Atropelamento de Pedestre;Com Vítimas Feridas;Plena Noite;Crescente;Céu Claro;Dupla;Reta;Sim;4;0;4;0;0;0;4;1;-20.20779179;-40.27000845
159393.0;2018-09-14;sexta-feira;11:25:00;262.0;47.1;MARECHAL FLORIANO;Falta de Atenção à Condução;Colisão transversal;Com Vítimas Feridas;Pleno dia;Decrescente;Céu Claro;Simples;Reta;Sim;4;0;0;2;1;1;2;2;-20.41145318;-40.67966133
159397.0;2018-09-14;sexta-feira;11:30:00;101.0;365.5;ANCHIETA;Velocidade Incompatível;Saída de leito carroçável;Com Vítimas Feridas;Pleno dia;Crescente;Sol;Simples;Curva;Não;1;0;1;0;0;0;1;1;-20.72688134;-40.74103028
159441.0;2018-09-14;sexta-feira;16:00:00;101.0;166.9;LINHARES;Falta de Atenção à Condução;Colisão lateral;Com Vítimas Feridas;Pleno dia;Decrescente;Céu Claro;Simples;Reta;Sim;3;0;0;1;1;1;1;2;-19.52549438;-40.15005112
159468.0;2018-09-14;sexta-feira;17:30:00;101.0;270.9;SERRA;Falta de Atenção à Condução;Colisão lateral;Com Vítimas Feridas;Anoitecer;Crescente;Nublado;Simples;Curva;Sim;2;0;1;0;1;0;1;2;-20.23288866;-40.27560055
159505.0;2018-09-14;sexta-feira;19:40:00;101.0;308.2;VIANA;Desobediência às normas de trânsito pelo condutor;Colisão transversal;Com Vítimas Feridas;Plena Noite;Crescente;Ignorado;Simples;Reta;Não;5;0;0;2;3;0;2;2;-20.41011081;-40.45876801
159522.0;2018-09-14;sexta-feira;22:20:00;101.0;402.5;CACHOEIRO DE ITAPEMIRIM;Falta de Atenção à Condução;Colisão traseira;Com Vítimas Fatais;Plena Noite;Crescente;Céu Claro;Simples;Não Informado;Não;2;1;0;0;1;0;0;2;-20.889;-40.994
159365.0;2018-09-14;sexta-feira;08:30:00;101.0;292.1;CARIACICA;Falta de Atenção à Condução;Colisão traseira;Com Vítimas Feridas;Pleno dia;Decrescente;Nublado;Dupla;Curva;Sim;2;0;0;1;0;1;1;2;-20.30835297;-40.39476782
159693.0;2018-09-15;sábado;17:45:00;262.0;2.0;CARIACICA;Falta de Atenção à Condução;Colisão traseira;Com Vítimas Feridas;Plena Noite;Decrescente;Céu Claro;Dupla;Reta;Sim;2;0;1;0;1;0;1;2;-20.33209836;-40.36243809
159694.0;2018-09-15;sábado;17:30:00;259.0;49.6;COLATINA;Velocidade Incompatível;Colisão lateral;Com Vítimas Feridas;Anoitecer;Crescente;Nublado;Múltipla;Curva;Sim;2;0;0;1;1;0;1;2;-19.51058377;-40.60595959
159592.0;2018-09-15;sábado;06:40:00;393.0;9.0;CACHOEIRO DE ITAPEMIRIM;Velocidade Incompatível;Tombamento;Com Vítimas Feridas;Amanhecer;Crescente;Céu Claro;Simples;Curva;Não;1;0;0;1;0;0;1;1;-20.827582999999997;-41.182526
159555.0;2018-09-15;sábado;02:35:00;101.0;269.3;SERRA;Falta de Atenção à Condução;Atropelamento de Pedestre;Com Vítimas Feridas;Plena Noite;Crescente;Céu Claro;Múltipla;Reta;Sim;2;0;1;0;0;1;1;1;-20.20421242;-40.26987076
159690.0;2018-09-15;sábado;17:35:00;101.0;373.7;ICONHA;Ultrapassagem Indevida;Colisão frontal;Com Vítimas Feridas;Anoitecer;Crescente;Céu Claro;Simples;Reta;Sim;2;0;1;1;0;0;2;2;-20.7853887;-40.7831586
159759.0;2018-09-15;sábado;22:30:00;101.0;265.6;SERRA;Falta de Atenção à Condução;Tombamento;Com Vítimas Feridas;Plena Noite;Decrescente;Nublado;Múltipla;Reta;Sim;1;0;1;0;0;0;1;1;-20.18796075;-40.26802272
159713.0;2018-09-15;sábado;19:00:00;259.0;66.0;COLATINA;Ingestão de Álcool;Colisão lateral;Com Vítimas Feridas;Plena Noite;Decrescente;Céu Claro;Simples;Reta;Não;2;0;0;1;1;0;1;2;-19.515846;-40.724758
159711.0;2018-09-15;sábado;18:35:00;262.0;6.5;CARIACICA;Defeito na Via;Queda de ocupante de veículo;Com Vítimas Feridas;Plena Noite;Crescente;Nublado;Múltipla;Retorno Regulamentado;Sim;2;0;1;0;1;0;1;1;-20.34159253;-40.39734274
159557.0;2018-09-15;sábado;02:10:00;101.0;136.0;SOORETAMA;Defeito Mecânico no Veículo;Incêndio;Sem Vítimas;Plena Noite;Crescente;Céu Claro;Simples;Retorno Regulamentado;Não;1;0;0;0;1;0;0;1;-19.23579456;-40.09207249
159826.0;2018-09-16;domingo;08:10:00;101.0;267.6;SERRA;Falta de Atenção à Condução;Colisão lateral;Com Vítimas Feridas;Pleno dia;Crescente;Chuva;Múltipla;Reta;Sim;2;0;1;0;1;0;1;2;-20.20544079;-40.26946843
159877.0;2018-09-16;domingo;14:12:00;259.0;0.6;JOAO NEIVA;Avarias e/ou desgaste excessivo no pneu;Queda de ocupante de veículo;Com Vítimas Feridas;Pleno dia;Crescente;Nublado;Simples;Não Informado;Sim;1;0;1;0;0;0;1;1;-19.74257069;-40.37733078
159956.0;2018-09-16;domingo;19:20:00;259.0;16.6;JOAO NEIVA;Velocidade Incompatível;Queda de ocupante de veículo;Com Vítimas Feridas;Plena Noite;Crescente;Nublado;Simples;Reta;Não;1;0;1;0;0;0;1;1;-19.6623013;-40.4392279
159971.0;2018-09-16;domingo;22:30:00;101.0;367.6;ANCHIETA;Mal Súbito;Colisão com objeto estático;Com Vítimas Feridas;Plena Noite;Crescente;Garoa/Chuvisco;Simples;Reta;Não;1;0;1;0;0;0;1;1;-20.7504755;-40.76006055
160029.0;2018-09-17;segunda-feira;07:25:00;101.0;385.9;RIO NOVO DO SUL;Desobediência às normas de trânsito pelo condutor;Colisão frontal;Com Vítimas Feridas;Pleno dia;Decrescente;Nublado;Simples;Curva;Não;5;0;1;2;2;0;3;3;-20.84128589;-40.87193549
160061.0;2018-09-17;segunda-feira;11:00:00;101.0;295.0;CARIACICA;Falta de Atenção à Condução;Colisão lateral;Com Vítimas Feridas;Pleno dia;Decrescente;Céu Claro;Múltipla;Desvio Temporário;Sim;3;0;2;0;1;0;2;2;-20.3352958;-40.4015484
160072.0;2018-09-17;segunda-feira;12:00:00;101.0;285.0;CARIACICA;Falta de Atenção à Condução;Colisão lateral;Com Vítimas Feridas;Pleno dia;Crescente;Céu Claro;Dupla;Reta;Sim;3;0;1;0;2;0;1;2;-20.31694057;-40.39604187
160082.0;2018-09-17;segunda-feira;13:15:00;101.0;27.7;CONCEICAO DA BARRA;Defeito Mecânico no Veículo;Saída de leito carroçável;Com Vítimas Fatais;Pleno dia;Decrescente;Céu Claro;Simples;Reta;Não;2;1;0;0;0;1;0;2;-18.39859201;-39.93895054
160093.0;2018-09-17;segunda-feira;14:20:00;101.0;433.5;MIMOSO DO SUL;Fenômenos da Natureza;Capotamento;Com Vítimas Feridas;Pleno dia;Decrescente;Chuva;Simples;Não Informado;Não;3;0;3;0;0;0;3;1;-21.05114119;-41.1907053
160172.0;2018-09-17;segunda-feira;21:00:00;101.0;331.0;GUARAPARI;Falta de Atenção à Condução;Colisão transversal;Com Vítimas Feridas;Plena Noite;Crescente;Chuva;Simples;Reta;Sim;3;0;1;1;1;0;2;2;-20.61586478;-40.515094399999995
160176.0;2018-09-17;segunda-feira;16:31:00;101.0;85.8;SAO MATEUS;Pista Escorregadia;Colisão com objeto estático;Com Vítimas Feridas;Pleno dia;Crescente;Chuva;Múltipla;Reta;Não;2;0;0;1;1;0;1;1;-18.86369162;-39.93877888
160193.0;2018-09-17;segunda-feira;21:30:00;262.0;177.3;IBATIBA;Falta de Atenção à Condução;Tombamento;Com Vítimas Feridas;Plena Noite;Decrescente;Chuva;Simples;Curva;Não;1;0;0;1;0;0;1;1;-20.284000000000002;-41.6513
164690.0;2018-09-17;segunda-feira;09:25:00;101.0;459.3;MIMOSO DO SUL;Defeito Mecânico no Veículo;Derramamento de carga;Sem Vítimas;Pleno dia;Crescente;Chuva;Simples;Curva;Não;1;0;0;0;1;0;0;1;-21.21624544;-41.29724801
160159.0;2018-09-17;segunda-feira;20:15:00;262.0;151.3;IBATIBA;Defeito Mecânico no Veículo;Saída de leito carroçável;Com Vítimas Feridas;Plena Noite;Crescente;Chuva;Simples;Curva;Não;1;0;1;0;0;0;1;1;-20.2172;-41.4449
160204.0;2018-09-18;terça-feira;03:15:00;101.0;12.0;PEDRO CANARIO;Falta de Atenção à Condução;Colisão transversal;Com Vítimas Feridas;Plena Noite;Crescente;Céu Claro;Simples;Interseção de vias;Não;3;0;1;0;1;1;1;2;-18.265766;-39.957359000000004
160210.0;2018-09-18;terça-feira;06:55:00;101.0;0.3;SERRA;Falta de Atenção à Condução;Tombamento;Com Vítimas Feridas;Pleno dia;Decrescente;Chuva;Múltipla;Reta;Sim;1;0;1;0;0;0;1;1;-20.23610668;-40.27682841
160305.0;2018-09-18;terça-feira;17:40:00;262.0;48.3;MARECHAL FLORIANO;Desobediência às normas de trânsito pelo condutor;Colisão frontal;Com Vítimas Feridas;Anoitecer;Crescente;Chuva;Simples;Reta;Não;3;0;0;2;1;0;2;2;-20.41166503;-40.69051648
160323.0;2018-09-18;terça-feira;19:10:00;101.0;287.0;CARIACICA;Falta de Atenção à Condução;Colisão transversal;Com Vítimas Feridas;Plena Noite;Crescente;Garoa/Chuvisco;Dupla;Interseção de vias;Sim;3;0;0;1;1;1;1;2;-20.2648343;-40.3849704
160329.0;2018-09-18;terça-feira;15:20:00;262.0;170.9;IBATIBA;Falta de Atenção à Condução;Tombamento;Com Vítimas Feridas;Pleno dia;Crescente;Céu Claro;Simples;Curva;Não;1;0;1;0;0;0;1;1;-20.2374174;-41.5134665
160336.0;2018-09-18;terça-feira;19:50:00;101.0;144.0;LINHARES;Falta de Atenção à Condução;Colisão transversal;Com Vítimas Feridas;Plena Noite;Crescente;Céu Claro;Simples;Reta;Sim;2;0;0;1;1;0;1;2;-19.35512129;-40.06387711
160469.0;2018-09-19;quarta-feira;14:50:00;101.0;397.2;RIO NOVO DO SUL;Condutor Dormindo;Colisão lateral;Com Vítimas Feridas;Pleno dia;Decrescente;Céu Claro;Simples;Reta;Sim;3;0;1;0;1;1;1;3;-20.8742564;-40.9516445
160498.0;2018-09-19;quarta-feira;17:25:00;262.0;187.9;IUNA;Desobediência às normas de trânsito pelo condutor;Colisão frontal;Com Vítimas Fatais;Anoitecer;Decrescente;Céu Claro;Simples;Reta;Não;4;1;0;0;1;2;0;2;-20.30874672;-41.74260736
160466.0;2018-09-19;quarta-feira;14:00:00;101.0;150.3;LINHARES;Não guardar distância de segurança;Queda de ocupante de veículo;Com Vítimas Feridas;Pleno dia;Crescente;Sol;Múltipla;Viaduto;Sim;3;0;1;0;1;1;1;1;-19.40864012;-40.06473541
160471.0;2018-09-19;quarta-feira;14:15:00;101.0;149.0;LINHARES;Falta de Atenção à Condução;Colisão transversal;Com Vítimas Feridas;Pleno dia;Decrescente;Sol;Múltipla;Interseção de vias;Sim;3;0;1;0;1;1;1;2;-19.39699256;-40.06392002
160488.0;2018-09-19;quarta-feira;17:00:00;259.0;39.0;COLATINA;Ultrapassagem Indevida;Colisão transversal;Com Vítimas Feridas;Pleno dia;Decrescente;Sol;Simples;Reta;Não;3;0;1;0;2;0;1;3;-19.557734;-40.52969
160432.0;2018-09-19;quarta-feira;10:20:00;101.0;0.5;SERRA;Falta de Atenção à Condução;Atropelamento de Pedestre;Com Vítimas Feridas;Pleno dia;Decrescente;Nublado;Dupla;Interseção de vias;Sim;2;0;0;1;1;0;1;1;-20.23604125;-40.27656823
160525.0;2018-09-19;quarta-feira;19:30:00;101.0;144.0;LINHARES;Falta de Atenção à Condução;Tombamento;Com Vítimas Feridas;Plena Noite;Crescente;Céu Claro;Múltipla;Reta;Sim;2;0;1;0;1;0;1;2;-19.356254999999997;-40.06417751
160579.0;2018-09-20;quinta-feira;06:35:00;262.0;133.9;BREJETUBA;Velocidade Incompatível;Tombamento;Sem Vítimas;Pleno dia;Crescente;Céu Claro;Simples;Curva;Não;1;0;0;0;1;0;0;1;-20.23981115;-41.32419348
160601.0;2018-09-20;quinta-feira;09:00:00;262.0;0.4;CARIACICA;Falta de Atenção à Condução;Queda de ocupante de veículo;Com Vítimas Feridas;Pleno dia;Decrescente;Céu Claro;Simples;Reta;Não;1;0;0;1;0;0;1;1;-20.32243397;-40.35395265
160649.0;2018-09-20;quinta-feira;15:20:00;101.0;60.5;SAO MATEUS;Falta de Atenção à Condução;Colisão transversal;Com Vítimas Feridas;Pleno dia;Crescente;Céu Claro;Simples;Interseção de vias;Sim;3;0;1;0;2;0;1;2;-18.67804043;-39.86474991
160699.0;2018-09-20;quinta-feira;19:30:00;101.0;46.4;CONCEICAO DA BARRA;Defeito Mecânico no Veículo;Queda de ocupante de veículo;Com Vítimas Feridas;Plena Noite;Crescente;Céu Claro;Simples;Reta;Não;2;0;0;1;1;0;1;1;-18.551435;-39.902843
160659.0;2018-09-20;quinta-feira;15:20:00;262.0;164.5;IBATIBA;Velocidade Incompatível;Colisão lateral;Com Vítimas Feridas;Pleno dia;Crescente;Chuva;Simples;Não Informado;Não;2;0;0;1;1;0;1;2;-20.24823647;-41.54886603
160757.0;2018-09-21;sexta-feira;01:40:00;101.0;196.7;ARACRUZ;Animais na Pista;Capotamento;Com Vítimas Feridas;Plena Noite;Decrescente;Nublado;Simples;Reta;Não;2;0;2;0;0;0;2;1;-19.73115933;-40.35930634
160882.0;2018-09-21;sexta-feira;18:50:00;101.0;264.2;SERRA;Desobediência às normas de trânsito pelo condutor;Colisão transversal;Com Vítimas Feridas;Plena Noite;Decrescente;Nublado;Múltipla;Não Informado;Sim;5;0;1;1;3;0;2;4;-20.17662184;-40.26593328
160926.0;2018-09-21;sexta-feira;22:45:00;393.0;0.2;CACHOEIRO DE ITAPEMIRIM;Falta de Atenção à Condução;Colisão transversal;Com Vítimas Feridas;Plena Noite;Decrescente;Nublado;Simples;Reta;Sim;2;0;1;0;1;0;1;2;-20.8405439;-41.16021395
170292.0;2018-09-21;sexta-feira;22:17:00;101.0;270.0;SERRA;Falta de Atenção à Condução;Colisão lateral;Com Vítimas Fatais;Plena Noite;Decrescente;Céu Claro;Simples;Reta;Sim;2;1;0;0;1;0;0;2;-20.22570306;-40.270317799999994
164852.0;2018-09-21;sexta-feira;21:30:00;262.0;189.0;IUNA;Ultrapassagem Indevida;Colisão frontal;Com Vítimas Feridas;Plena Noite;Crescente;Nublado;Simples;Curva;Não;7;0;1;3;3;0;4;4;-20.30744236;-41.7483902
160822.0;2018-09-21;sexta-feira;11:30:00;101.0;0.9;SERRA;Não guardar distância de segurança;Colisão traseira;Com Vítimas Feridas;Pleno dia;Crescente;Nublado;Dupla;Reta;Sim;3;0;1;0;2;0;1;3;-20.24456215;-40.28253174
160856.0;2018-09-21;sexta-feira;16:30:00;101.0;15.0;PEDRO CANARIO;Falta de Atenção à Condução;Colisão lateral;Com Vítimas Feridas;Pleno dia;Crescente;Céu Claro;Simples;Rotatória;Sim;2;0;1;0;1;0;1;2;-18.290127;-39.9548
172969.0;2018-09-22;sábado;10:10:00;101.0;263.5;SERRA;Falta de Atenção à Condução;Colisão traseira;Com Vítimas Feridas;Pleno dia;Crescente;Nublado;Dupla;Reta;Sim;6;0;2;0;4;0;2;4;-20.16993936;-40.26971843
161103.0;2018-09-22;sábado;19:45:00;101.0;292.5;CARIACICA;Ingestão de Álcool;Colisão traseira;Com Vítimas Feridas;Plena Noite;Decrescente;Céu Claro;Dupla;Reta;Sim;3;0;1;0;2;0;1;2;-20.31149728;-40.39511919
161120.0;2018-09-22;sábado;21:00:00;101.0;270.5;SERRA;Falta de Atenção à Condução;Colisão lateral;Com Vítimas Feridas;Plena Noite;Decrescente;Nublado;Dupla;Interseção de vias;Sim;2;0;1;0;1;0;1;2;-20.22986527;-40.2726227
161080.0;2018-09-22;sábado;19:00:00;101.0;212.8;IBIRACU;Falta de Atenção à Condução;Saída de leito carroçável;Com Vítimas Feridas;Plena Noite;Crescente;Nublado;Simples;Reta;Sim;1;0;1;0;0;0;1;1;-19.82226591;-40.36994398
160961.0;2018-09-22;sábado;05:20:00;101.0;159.1;LINHARES;Falta de Atenção à Condução;Colisão transversal;Com Vítimas Feridas;Amanhecer;Crescente;Céu Claro;Simples;Interseção de vias;Não;2;0;1;0;1;0;1;2;-19.47011792;-40.1110001
160963.0;2018-09-22;sábado;04:30:00;262.0;123.3;CONCEICAO DO CASTELO;Ingestão de Álcool;Colisão transversal;Sem Vítimas;Amanhecer;Decrescente;Nublado;Simples;Curva;Não;2;0;0;0;2;0;0;2;-20.2908;-41.2477
161002.0;2018-09-22;sábado;08:30:00;262.0;20.7;VIANA;Ingestão de Álcool;Colisão traseira;Sem Vítimas;Pleno dia;Crescente;Céu Claro;Simples;Reta;Sim;2;0;0;0;2;0;0;2;-20.38323572;-40.50072757
161013.0;2018-09-22;sábado;10:00:00;101.0;263.5;SERRA;Falta de Atenção à Condução;Colisão transversal;Com Vítimas Feridas;Pleno dia;Crescente;Céu Claro;Dupla;Reta;Não;2;0;1;0;1;0;1;2;-20.17175605;-40.26880682
161026.0;2018-09-22;sábado;10:20:00;259.0;59.0;COLATINA;Sinalização da via insuficiente ou inadequada;Colisão transversal;Com Vítimas Feridas;Pleno dia;Decrescente;Céu Claro;Simples;Reta;Sim;3;0;1;1;1;0;2;2;-19.53361904;-40.68457067
161084.0;2018-09-22;sábado;19:00:00;101.0;294.2;CARIACICA;Ingestão de Álcool;Colisão traseira;Com Vítimas Feridas;Plena Noite;Decrescente;Céu Claro;Dupla;Reta;Sim;2;0;1;0;1;0;1;2;-20.32547237;-40.39609551
161119.0;2018-09-22;sábado;20:00:00;101.0;0.3;SERRA;Falta de Atenção à Condução;Atropelamento de Pedestre;Com Vítimas Feridas;Plena Noite;Crescente;Céu Claro;Dupla;Reta;Sim;2;0;0;1;1;0;1;1;-20.22518907;-40.27103841
161031.0;2018-09-22;sábado;07:40:00;101.0;298.8;VIANA;Falta de Atenção à Condução;Colisão transversal;Com Vítimas Feridas;Pleno dia;Decrescente;Nublado;Múltipla;Reta;Sim;2;0;1;0;1;0;1;2;-20.35875494;-40.42219609
161131.0;2018-09-22;sábado;21:50:00;262.0;5.2;CARIACICA;Falta de Atenção do Pedestre;Atropelamento de Pedestre;Com Vítimas Feridas;Plena Noite;Crescente;Céu Claro;Múltipla;Curva;Sim;2;0;0;1;1;0;1;1;-20.33649358;-40.38936317
161160.0;2018-09-22;sábado;19:40:00;101.0;333.5;GUARAPARI;Velocidade Incompatível;Colisão frontal;Com Vítimas Fatais;Plena Noite;Crescente;Céu Claro;Simples;Curva;Não;23;3;19;0;1;0;19;2;-20.618325;-40.51696926
161271.0;2018-09-22;sábado;23:00:00;101.0;313.3;VILA VELHA;Ingestão de Álcool;Saída de leito carroçável;Sem Vítimas;Plena Noite;Decrescente;Céu Claro;Simples;Não Informado;Não;2;0;0;0;1;1;0;1;-20.453037;-40.46233559
161305.0;2018-09-23;domingo;18:10:00;101.0;256.0;SERRA;Ingestão de Álcool;Queda de ocupante de veículo;Com Vítimas Feridas;Anoitecer;Crescente;Céu Claro;Simples;Reta;Sim;1;0;1;0;0;0;1;1;-20.1187772;-40.31235695
161171.0;2018-09-23;domingo;02:50:00;101.0;143.0;LINHARES;Falta de Atenção à Condução;Saída de leito carroçável;Com Vítimas Feridas;Plena Noite;Decrescente;Céu Claro;Dupla;Desvio Temporário;Sim;1;0;0;1;0;0;1;1;-19.34114426;-40.06441355
161240.0;2018-09-23;domingo;11:30:00;262.0;60.0;MARECHAL FLORIANO;Falta de Atenção à Condução;Colisão com objeto estático;Com Vítimas Feridas;Pleno dia;Crescente;Sol;Simples;Curva;Não;1;0;0;1;0;0;1;1;-20.4279378;-40.79384834
161242.0;2018-09-23;domingo;11:45:00;101.0;268.0;SERRA;Desobediência às normas de trânsito pelo condutor;Colisão transversal;Com Vítimas Feridas;Pleno dia;Crescente;Céu Claro;Dupla;Interseção de vias;Sim;3;0;1;0;2;0;1;2;-20.20661058;-40.26940966
161278.0;2018-09-23;domingo;13:30:00;101.0;402.0;ITAPEMIRIM;Falta de Atenção à Condução;Colisão com objeto estático;Sem Vítimas;Pleno dia;Crescente;Céu Claro;Simples;Curva;Não;1;0;0;0;0;1;0;1;-20.8893712;-40.9952032
161293.0;2018-09-23;domingo;17:30:00;101.0;282.0;CARIACICA;Mal Súbito;Tombamento;Com Vítimas Feridas;Anoitecer;Crescente;Céu Claro;Dupla;Curva;Não;1;0;1;0;0;0;1;1;-20.24649507;-40.36996007
161545.0;2018-09-24;segunda-feira;23:00:00;262.0;6.5;CARIACICA;Desobediência às normas de trânsito pelo condutor;Colisão transversal;Com Vítimas Feridas;Plena Noite;Decrescente;Céu Claro;Múltipla;Interseção de vias;Sim;3;0;0;2;1;0;2;2;-20.34238365;-40.40139556
161529.0;2018-09-24;segunda-feira;18:35:00;101.0;261.0;SERRA;Falta de Atenção à Condução;Colisão lateral;Com Vítimas Feridas;Plena Noite;Crescente;Céu Claro;Simples;Reta;Não;3;0;2;1;0;0;3;2;-20.15282575;-40.27836587