id;data_inversa;dia_semana;horario;br;km;municipio;causa_acidente;tipo_acidente;classificacao_acidente;fase_dia;sentido_via;condicao_metereologica;tipo_pista;tracado_via;uso_solo;pessoas;mortos;feridos_leves;feridos_graves;ilesos;ignorados;feridos;veiculos;latitude;longitude
161521.0;2018-09-24;segunda-feira;19:40:00;101.0;148.6;LINHARES;Não guardar distância de segurança;Colisão traseira;Com Vítimas Feridas;Plena Noite;Crescente;Céu Claro;Simples;Reta;Sim;2;0;0;1;1;0;1;2;-19.39856114;-40.06306171
161511.0;2018-09-24;segunda-feira;18:45:00;101.0;260.7;SERRA;Não guardar distância de segurança;Colisão frontal;Com Vítimas Feridas;Plena Noite;Decrescente;Céu Claro;Dupla;Não Informado;Sim;3;0;1;0;2;0;1;2;-20.14742487;-40.28077126
161496.0;2018-09-24;segunda-feira;16:45:00;101.0;72.5;SAO MATEUS;Falta de Atenção à Condução;Queda de ocupante de veículo;Com Vítimas Feridas;Pleno dia;Decrescente;Céu Claro;Simples;Reta;Não;1;0;1;0;0;0;1;1;-18.76737681;-39.86543655
161433.0;2018-09-24;segunda-feira;10:30:00;101.0;410.1;ITAPEMIRIM;Falta de Atenção à Condução;Colisão transversal;Com Vítimas Feridas;Pleno dia;Decrescente;Céu Claro;Simples;Curva;Não;2;0;1;0;1;0;1;2;-20.90724805;-41.06738806
161510.0;2018-09-24;segunda-feira;18:45:00;101.0;261.0;SERRA;Falta de Atenção à Condução;Colisão traseira;Com Vítimas Feridas;Plena Noite;Crescente;Nublado;Simples;Não Informado;Sim;2;0;0;1;1;0;1;2;-20.14951204;-40.27938783
161663.0;2018-09-25;terça-feira;17:15:00;101.0;37.7;CONCEICAO DA BARRA;Falta de Atenção à Condução;Colisão transversal;Com Vítimas Feridas;Pleno dia;Crescente;Céu Claro;Simples;Rotatória;Sim;2;0;1;0;1;0;1;2;-18.473329999999997;-39.926613
161629.0;2018-09-25;terça-feira;14:00:00;101.0;234.2;FUNDAO;Falta de Atenção à Condução;Saída de leito carroçável;Com Vítimas Fatais;Pleno dia;Crescente;Céu Claro;Dupla;Reta;Não;1;1;0;0;0;0;0;1;-19.988836300000003;-40.41303635
161645.0;2018-09-25;terça-feira;15:40:00;262.0;106.6;VENDA NOVA DO IMIGRANTE;Desobediência às normas de trânsito pelo condutor;Colisão lateral;Com Vítimas Feridas;Pleno dia;Decrescente;Céu Claro;Simples;Reta;Sim;2;0;0;1;1;0;1;2;-20.32855094;-41.14998937
161625.0;2018-09-25;terça-feira;13:05:00;101.0;320.0;GUARAPARI;Desobediência às normas de trânsito pelo condutor;Colisão transversal;Com Vítimas Feridas;Pleno dia;Crescente;Sol;Simples;Interseção de vias;Não;3;0;1;0;2;0;1;2;-20.52131515;-40.4783001
161706.0;2018-09-25;terça-feira;19:20:00;101.0;124.6;SOORETAMA;Falta de Atenção à Condução;Colisão transversal;Com Vítimas Feridas;Plena Noite;Crescente;Céu Claro;Simples;Não Informado;Não;3;0;2;0;1;0;2;2;-19.18239725;-40.09394741
161597.0;2018-09-25;terça-feira;10:30:00;101.0;268.4;SERRA;Falta de Atenção à Condução;Colisão traseira;Com Vítimas Feridas;Pleno dia;Crescente;Céu Claro;Múltipla;Reta;Sim;5;0;0;1;3;1;1;3;-20.21118604;-40.26976407
161570.0;2018-09-25;terça-feira;06:30:00;101.0;271.0;SERRA;Desobediência às normas de trânsito pelo condutor;Colisão lateral;Com Vítimas Feridas;Pleno dia;Crescente;Céu Claro;Dupla;Curva;Sim;2;0;1;0;1;0;1;2;-20.23231153;-40.2748704
161565.0;2018-09-25;terça-feira;06:30:00;101.0;147.1;SAO MATEUS;Não guardar distância de segurança;Colisão traseira;Com Vítimas Feridas;Pleno dia;Decrescente;Céu Claro;Múltipla;Reta;Sim;2;0;0;1;0;1;1;2;-18.720545;-39.865883000000004
161614.0;2018-09-25;terça-feira;11:40:00;101.0;66.7;SAO MATEUS;Defeito Mecânico no Veículo;Tombamento;Com Vítimas Feridas;Pleno dia;Crescente;Sol;Múltipla;Reta;Sim;1;0;1;0;0;0;1;1;-18.716522;-39.874359000000005
161723.0;2018-09-25;terça-feira;22:20:00;101.0;208.9;JOAO NEIVA;Desobediência às normas de trânsito pelo condutor;Colisão frontal;Com Vítimas Feridas;Plena Noite;Crescente;Céu Claro;Simples;Reta;Não;3;0;0;1;1;1;1;2;-19.81487756;-40.36624789
161789.0;2018-09-26;quarta-feira;11:40:00;101.0;366.9;ANCHIETA;Condutor Dormindo;Colisão frontal;Com Vítimas Fatais;Pleno dia;Crescente;Sol;Simples;Curva;Não;4;2;0;1;1;0;1;2;-20.74202872;-40.76016808
161818.0;2018-09-26;quarta-feira;16:30:00;101.0;267.5;SERRA;Falta de Atenção à Condução;Colisão traseira;Com Vítimas Feridas;Pleno dia;Decrescente;Sol;Múltipla;Interseção de vias;Sim;2;0;2;0;0;0;2;2;-20.20509846;-40.26931286
161780.0;2018-09-26;quarta-feira;10:10:00;101.0;266.4;SERRA;Falta de Atenção à Condução;Colisão traseira;Com Vítimas Feridas;Pleno dia;Decrescente;Céu Claro;Dupla;Interseção de vias;Sim;4;0;2;0;2;0;2;4;-20.19631839;-40.2685672
161866.0;2018-09-26;quarta-feira;20:40:00;101.0;353.8;ANCHIETA;Ultrapassagem Indevida;Colisão lateral;Com Vítimas Feridas;Plena Noite;Decrescente;Céu Claro;Simples;Curva;Não;2;0;0;1;1;0;1;2;-20.68378731;-40.66879839
161872.0;2018-09-26;quarta-feira;21:45:00;101.0;31.0;CONCEICAO DA BARRA;Falta de Atenção à Condução;Colisão traseira;Com Vítimas Feridas;Plena Noite;Decrescente;Céu Claro;Simples;Reta;Não;1;0;1;0;0;0;1;1;-18.482094600000003;-39.92465973
161760.0;2018-09-26;quarta-feira;07:10:00;259.0;54.5;COLATINA;Falta de Atenção à Condução;Colisão transversal;Com Vítimas Feridas;Pleno dia;Crescente;Céu Claro;Simples;Curva;Não;3;0;1;0;2;0;1;2;-19.497286;-40.645634
161900.0;2018-09-27;quinta-feira;01:10:00;101.0;407.7;ITAPEMIRIM;Velocidade Incompatível;Saída de leito carroçável;Com Vítimas Feridas;Plena Noite;Crescente;Céu Claro;Simples;Curva;Não;2;0;1;1;0;0;2;1;-20.88986812;-41.03652824
161906.0;2018-09-27;quinta-feira;06:20:00;262.0;6.0;CARIACICA;Falta de Atenção do Pedestre;Atropelamento de Pedestre;Com Vítimas Feridas;Pleno dia;Decrescente;Céu Claro;Múltipla;Reta;Sim;2;0;0;1;1;0;1;1;-20.34142797;-40.39631546
161915.0;2018-09-27;quinta-feira;07:20:00;101.0;270.3;SERRA;Desobediência às normas de trânsito pelo condutor;Atropelamento de Pedestre;Com Vítimas Feridas;Pleno dia;Crescente;Nublado;Dupla;Reta;Sim;3;0;0;1;2;0;1;2;-20.22834011;-40.27189046
161967.0;2018-09-27;quinta-feira;13:30:00;101.0;131.5;LINHARES;Velocidade Incompatível;Colisão frontal;Com Vítimas Feridas;Pleno dia;Crescente;Céu Claro;Simples;Reta;Não;2;0;1;0;1;0;1;2;-19.24242948;-40.09134561
161991.0;2018-09-27;quinta-feira;15:05:00;262.0;94.0;DOMINGOS MARTINS;Falta de Atenção à Condução;Colisão transversal;Com Vítimas Feridas;Pleno dia;Decrescente;Céu Claro;Simples;Não Informado;Não;2;0;1;0;1;0;1;2;-20.37372649;-41.05872452
162004.0;2018-09-27;quinta-feira;16:15:00;101.0;264.0;SERRA;Desobediência às normas de trânsito pelo condutor;Colisão transversal;Com Vítimas Feridas;Pleno dia;Crescente;Céu Claro;Dupla;Interseção de vias;Sim;3;0;2;0;1;0;2;2;-20.17322;-40.267548
162016.0;2018-09-27;quinta-feira;18:30:00;101.0;258.4;SERRA;Ingestão de Álcool;Atropelamento de Pedestre;Com Vítimas Feridas;Plena Noite;Decrescente;Céu Claro;Simples;Interseção de vias;Sim;2;0;1;0;1;0;1;1;-20.13418927;-40.2927044
162080.0;2018-09-28;sexta-feira;06:40:00;101.0;266.0;SERRA;Falta de Atenção à Condução;Colisão transversal;Com Vítimas Feridas;Pleno dia;Crescente;Céu Claro;Múltipla;Reta;Sim;2;0;0;1;1;0;1;2;-20.18734062;-40.26848048
162088.0;2018-09-28;sexta-feira;07:45:00;101.0;162.8;LINHARES;Falta de Atenção à Condução;Colisão com objeto estático;Com Vítimas Feridas;Pleno dia;Crescente;Céu Claro;Simples;Retorno Regulamentado;Sim;1;0;0;1;0;0;1;1;-19.49806871;-40.13035297
162165.0;2018-09-28;sexta-feira;15:45:00;101.0;273.7;SERRA;Falta de Atenção à Condução;Colisão traseira;Com Vítimas Feridas;Pleno dia;Crescente;Céu Claro;Dupla;Reta;Sim;2;0;1;0;1;0;1;2;-20.2151956;-40.2943211
162181.0;2018-09-28;sexta-feira;16:40:00;101.0;206.3;JOAO NEIVA;Falta de Atenção à Condução;Colisão lateral;Com Vítimas Feridas;Pleno dia;Decrescente;Céu Claro;Dupla;Viaduto;Sim;2;0;0;1;1;0;1;2;-19.7656557;-40.37119448
162191.0;2018-09-28;sexta-feira;17:40:00;101.0;266.0;SERRA;Desobediência às normas de trânsito pelo condutor;Colisão traseira;Com Vítimas Feridas;Anoitecer;Decrescente;Céu Claro;Dupla;Reta;Não;2;0;1;0;1;0;1;2;-20.19207135;-40.26843481
162220.0;2018-09-28;sexta-feira;15:40:00;262.0;169.3;IBATIBA;Velocidade Incompatível;Colisão lateral;Sem Vítimas;Pleno dia;Crescente;Sol;Simples;Interseção de vias;Não;2;0;0;0;2;0;0;2;-20.2643;-41.5827
162221.0;2018-09-28;sexta-feira;19:00:00;101.0;382.8;RIO NOVO DO SUL;Falta de Atenção à Condução;Colisão transversal;Com Vítimas Feridas;Plena Noite;Crescente;Chuva;Simples;Reta;Não;2;0;1;0;1;0;1;2;-20.80265753;-40.82759857
162226.0;2018-09-28;sexta-feira;18:00:00;101.0;242.0;SERRA;Falta de Atenção à Condução;Queda de ocupante de veículo;Com Vítimas Feridas;Plena Noite;Crescente;Nublado;Simples;Curva;Não;1;0;1;0;0;0;1;1;-20.04020845;-40.39278567
162171.0;2018-09-28;sexta-feira;12:30:00;262.0;42.5;DOMINGOS MARTINS;Falta de Atenção à Condução;Queda de ocupante de veículo;Com Vítimas Feridas;Pleno dia;Decrescente;Céu Claro;Simples;Curva;Não;1;0;0;1;0;0;1;1;-20.3855639;-40.65165639
162305.0;2018-09-29;sábado;06:55:00;101.0;292.9;CARIACICA;Desobediência às normas de trânsito pelo condutor;Colisão transversal;Com Vítimas Feridas;Pleno dia;Crescente;Nublado;Dupla;Interseção de vias;Sim;2;0;0;1;1;0;1;2;-20.30154325;-40.39522648
162351.0;2018-09-29;sábado;12:30:00;101.0;162.0;LINHARES;Ingestão de Álcool;Colisão transversal;Com Vítimas Fatais;Pleno dia;Crescente;Sol;Simples;Interseção de vias;Não;2;1;0;0;1;0;0;2;-19.49162624;-40.12725770000001
162368.0;2018-09-29;sábado;13:30:00;101.0;123.0;SOORETAMA;Falta de Atenção à Condução;Capotamento;Com Vítimas Feridas;Pleno dia;Decrescente;Céu Claro;Simples;Reta;Não;2;0;0;2;0;0;2;1;-19.17554129;-40.09074211
162397.0;2018-09-29;sábado;16:30:00;262.0;2.7;CARIACICA;Desobediência às normas de trânsito pelo condutor;Colisão transversal;Com Vítimas Feridas;Pleno dia;Crescente;Nublado;Dupla;Reta;Sim;5;0;1;0;1;3;1;2;-20.33200169;-40.36261618
162446.0;2018-09-29;sábado;21:30:00;101.0;261.0;SERRA;Animais na Pista;Tombamento;Com Vítimas Feridas;Plena Noite;Crescente;Céu Claro;Dupla;Reta;Não;1;0;0;1;0;0;1;1;-20.14556148;-40.28554827
162461.0;2018-09-29;sábado;23:30:00;101.0;283.7;SAO MATEUS;Falta de Atenção à Condução;Capotamento;Com Vítimas Feridas;Plena Noite;Decrescente;Céu Claro;Dupla;Reta;Sim;2;0;1;0;1;0;1;1;-18.720545;-39.865883000000004
162506.0;2018-09-29;sábado;14:30:00;262.0;115.0;CONCEICAO DO CASTELO;Desobediência às normas de trânsito pelo condutor;Colisão transversal;Com Vítimas Feridas;Pleno dia;Crescente;Nublado;Simples;Interseção de vias;Não;2;0;0;1;1;0;1;2;-20.31846989;-41.22539163
162499.0;2018-09-30;domingo;05:00:00;101.0;143.6;LINHARES;Condutor Dormindo;Saída de leito carroçável;Com Vítimas Feridas;Plena Noite;Decrescente;Céu Claro;Múltipla;Desvio Temporário;Sim;1;0;1;0;0;0;1;1;-19.34915398;-40.06322709
162470.0;2018-09-30;domingo;00:30:00;101.0;271.0;SERRA;Ingestão de Álcool;Colisão traseira;Com Vítimas Feridas;Plena Noite;Crescente;Céu Claro;Múltipla;Reta;Sim;2;0;1;0;1;0;1;2;-20.23119411;-40.27372241
162494.0;2018-09-30;domingo;03:30:00;101.0;267.0;SERRA;Falta de Atenção à Condução;Colisão traseira;Sem Vítimas;Plena Noite;Crescente;Céu Claro;Simples;Reta;Sim;2;0;0;0;2;0;0;2;-20.21323368;-40.27152836
162520.0;2018-09-30;domingo;06:50:00;101.0;264.5;SERRA;Falta de Atenção do Pedestre;Atropelamento de Pedestre;Com Vítimas Fatais;Pleno dia;Decrescente;Céu Claro;Dupla;Reta;Sim;2;1;0;0;1;0;0;1;-20.17975874;-40.26503027
162548.0;2018-09-30;domingo;11:00:00;101.0;289.0;CARIACICA;Defeito na Via;Queda de ocupante de veículo;Com Vítimas Feridas;Pleno dia;Crescente;Céu Claro;Dupla;Reta;Sim;1;0;0;1;0;0;1;1;-20.28071545;-40.39286613
162590.0;2018-09-30;domingo;16:20:00;101.0;107.0;SOORETAMA;Falta de Atenção à Condução;Queda de ocupante de veículo;Com Vítimas Feridas;Pleno dia;Crescente;Céu Claro;Simples;Desvio Temporário;Não;1;0;1;0;0;0;1;1;-19.05270721;-40.03040314
162609.0;2018-09-30;domingo;18:00:00;101.0;84.0;SAO MATEUS;Falta de Atenção à Condução;Queda de ocupante de veículo;Com Vítimas Feridas;Plena Noite;Crescente;Céu Claro;Simples;Reta;Não;1;0;1;0;0;0;1;1;-18.85811775;-39.93412793
162622.0;2018-09-30;domingo;18:00:00;101.0;254.6;SERRA;Falta de Atenção à Condução;Colisão traseira;Sem Vítimas;Anoitecer;Crescente;Céu Claro;Simples;Reta;Sim;3;0;0;0;3;0;0;3;-20.11338675;-40.32269955
162648.0;2018-09-30;domingo;21:25:00;262.0;31.7;DOMINGOS MARTINS;Condutor Dormindo;Tombamento;Sem Vítimas;Anoitecer;Crescente;Céu Claro;Simples;Curva;Não;1;0;0;0;1;0;0;1;-20.38025224;-40.59664169
162734.0;2018-10-01;segunda-feira;11:45:00;101.0;266.2;SERRA;Desobediência às normas de trânsito pelo condutor;Colisão transversal;Com Vítimas Feridas;Pleno dia;Decrescente;Céu Claro;Múltipla;Interseção de vias;Sim;3;0;0;2;1;0;2;2;-20.1927891;-40.26845187
162829.0;2018-10-01;segunda-feira;23:00:00;101.0;143.9;LINHARES;Ingestão de Álcool;Colisão com objeto estático;Com Vítimas Feridas;Plena Noite;Decrescente;Céu Claro;Múltipla;Interseção de vias;Sim;2;0;2;0;0;0;2;1;-19.35180108;-40.063576700000006
162791.0;2018-10-01;segunda-feira;18:10:00;262.0;6.5;CARIACICA;Velocidade Incompatível;Colisão lateral;Com Vítimas Feridas;Plena Noite;Decrescente;Céu Claro;Múltipla;Reta;Sim;4;0;2;0;2;0;2;3;-20.34219251;-40.39849341
162740.0;2018-10-01;segunda-feira;12:35:00;101.0;0.4;SERRA;Falta de Atenção do Pedestre;Atropelamento de Pedestre;Com Vítimas Feridas;Pleno dia;Decrescente;Céu Claro;Dupla;Reta;Sim;2;0;2;0;0;0;2;1;-20.23698;-40.277196
162722.0;2018-10-01;segunda-feira;10:30:00;101.0;265.9;SERRA;Não guardar distância de segurança;Colisão traseira;Com Vítimas Feridas;Pleno dia;Crescente;Céu Claro;Múltipla;Reta;Sim;3;0;1;0;2;0;1;3;-20.19040264;-40.26864767
162713.0;2018-10-01;segunda-feira;09:20:00;101.0;174.0;ARACRUZ;Falta de Atenção à Condução;Colisão transversal;Com Vítimas Feridas;Pleno dia;Decrescente;Sol;Simples;Reta;Sim;2;0;1;0;0;1;1;2;-19.58696273;-40.19210815
162692.0;2018-10-01;segunda-feira;07:35:00;101.0;134.8;LINHARES;Avarias e/ou desgaste excessivo no pneu;Queda de ocupante de veículo;Com Vítimas Feridas;Pleno dia;Crescente;Céu Claro;Simples;Reta;Não;1;0;1;0;0;0;1;1;-19.24559997;-40.09104252
162727.0;2018-10-01;segunda-feira;11:00:00;101.0;266.3;SERRA;Falta de Atenção do Pedestre;Atropelamento de Pedestre;Com Vítimas Feridas;Pleno dia;Crescente;Céu Claro;Múltipla;Reta;Sim;2;0;0;1;1;0;1;1;-20.19382735;-40.26855677
162945.0;2018-10-02;terça-feira;15:30:00;262.0;149.0;IBATIBA;Defeito Mecânico no Veículo;Tombamento;Com Vítimas Feridas;Pleno dia;Crescente;Sol;Simples;Reta;Não;1;0;0;1;0;0;1;1;-20.2183736;-41.4429714
162883.0;2018-10-02;terça-feira;10:35:00;101.0;293.0;CARIACICA;Falta de Atenção à Condução;Colisão traseira;Com Vítimas Feridas;Pleno dia;Crescente;Céu Claro;Múltipla;Reta;Sim;5;0;3;0;2;0;3;2;-20.31951123;-40.3962484
162885.0;2018-10-02;terça-feira;09:30:00;101.0;375.9;ICONHA;Falta de Atenção à Condução;Colisão transversal;Com Vítimas Feridas;Pleno dia;Crescente;Céu Claro;Simples;Rotatória;Sim;2;0;1;0;0;1;1;2;-20.78740202;-40.80076039
162886.0;2018-10-02;terça-feira;10:30:00;101.0;369.9;ICONHA;Falta de Atenção à Condução;Saída de leito carroçável;Com Vítimas Feridas;Pleno dia;Decrescente;Céu Claro;Simples;Curva;Não;1;0;0;1;0;0;1;1;-20.7664424;-40.7598416
162940.0;2018-10-02;terça-feira;17:20:00;101.0;126.9;SOORETAMA;Falta de Atenção à Condução;Colisão transversal;Com Vítimas Feridas;Pleno dia;Decrescente;Céu Claro;Simples;Interseção de vias;Sim;2;0;1;0;1;0;1;2;-19.20353795;-40.09460449
187317.0;2018-10-03;quarta-feira;08:45:00;101.0;267.0;SERRA;Desobediência às normas de trânsito pelo condutor;Atropelamento de Pedestre;Com Vítimas Feridas;Pleno dia;Crescente;Ignorado;Dupla;Reta;Sim;2;0;1;0;1;0;1;1;-20.19960279;-40.26919149
163099.0;2018-10-03;quarta-feira;14:00:00;101.0;116.0;SOORETAMA;Avarias e/ou desgaste excessivo no pneu;Queda de ocupante de veículo;Com Vítimas Feridas;Pleno dia;Crescente;Céu Claro;Simples;Reta;Não;2;0;0;2;0;0;2;1;-19.10987792;-40.05838931
163193.0;2018-10-04;quinta-feira;00:15:00;101.0;31.8;CONCEICAO DA BARRA;Desobediência às normas de trânsito pelo condutor;Colisão frontal;Com Vítimas Fatais;Plena Noite;Crescente;Céu Claro;Simples;Não Informado;Sim;2;1;0;0;1;0;0;2;-18.417088;-39.936066
163291.0;2018-10-04;quinta-feira;16:10:00;262.0;136.0;BREJETUBA;Falta de Atenção à Condução;Saída de leito carroçável;Com Vítimas Feridas;Pleno dia;Crescente;Céu Claro;Simples;Reta;Não;4;0;3;1;0;0;4;1;-20.2381;-41.3395
163194.0;2018-10-04;quinta-feira;01:20:00;259.0;48.4;COLATINA;Não guardar distância de segurança;Colisão traseira;Com Vítimas Feridas;Pleno dia;Decrescente;Ignorado;Simples;Reta;Sim;2;0;0;1;1;0;1;2;-19.51695975;-40.60233593
163290.0;2018-10-04;quinta-feira;15:30:00;259.0;20.2;JOAO NEIVA;Falta de Atenção à Condução;Colisão transversal;Com Vítimas Feridas;Pleno dia;Crescente;Céu Claro;Simples;Reta;Não;3;0;1;0;2;0;1;2;-19.66846181;-40.40285692
163240.0;2018-10-04;quinta-feira;10:30:00;101.0;376.1;ICONHA;Falta de Atenção à Condução;Colisão traseira;Com Vítimas Feridas;Pleno dia;Crescente;Céu Claro;Simples;Reta;Sim;3;0;2;0;1;0;2;2;-20.78932284;-40.8019942
163307.0;2018-10-04;quinta-feira;17:15:00;262.0;54.2;MARECHAL FLORIANO;Falta de Atenção à Condução;Colisão transversal;Com Vítimas Feridas;Anoitecer;Decrescente;Céu Claro;Simples;Reta;Não;2;0;0;2;0;0;2;1;-20.41462557;-40.74240088
163318.0;2018-10-04;quinta-feira;15:00:00;262.0;149.8;IBATIBA;Defeito Mecânico no Veículo;Saída de leito carroçável;Com Vítimas Feridas;Pleno dia;Crescente;Nublado;Simples;Reta;Não;1;0;1;0;0;0;1;1;-20.2189;-41.4348
163321.0;2018-10-04;quinta-feira;17:30:00;101.0;301.1;VIANA;Falta de Atenção à Condução;Colisão lateral;Com Vítimas Feridas;Anoitecer;Decrescente;Nublado;Dupla;Curva;Sim;4;0;1;1;2;0;2;3;-20.36305231;-40.44176133
163352.0;2018-10-04;quinta-feira;20:30:00;262.0;44.3;MARECHAL FLORIANO;Falta de Atenção à Condução;Colisão traseira;Com Vítimas Feridas;Plena Noite;Decrescente;Nublado;Simples;Reta;Não;4;0;0;2;1;1;2;3;-20.39304605;-40.67042649
163359.0;2018-10-04;quinta-feira;21:00:00;101.0;191.9;ARACRUZ;Ultrapassagem Indevida;Colisão lateral;Com Vítimas Feridas;Plena Noite;Crescente;Garoa/Chuvisco;Simples;Não Informado;Não;3;0;2;0;1;0;2;2;-19.68817257;-40.28579235
163521.0;2018-10-05;sexta-feira;17:30:00;101.0;295.0;CARIACICA;Defeito Mecânico no Veículo;Colisão com objeto estático;Sem Vítimas;Anoitecer;Crescente;Chuva;Múltipla;Desvio Temporário;Sim;1;0;0;0;1;0;0;1;-20.34172977;-40.40531158
163576.0;2018-10-05;sexta-feira;22:30:00;101.0;146.7;LINHARES;Ingestão de Álcool;Colisão transversal;Sem Vítimas;Pleno dia;Decrescente;Chuva;Múltipla;Interseção de vias;Sim;2;0;0;0;2;0;0;2;-19.37541557;-40.06615698
163568.0;2018-10-05;sexta-feira;21:20:00;262.0;2.2;CARIACICA;Pista Escorregadia;Colisão traseira;Com Vítimas Feridas;Plena Noite;Crescente;Chuva;Dupla;Reta;Sim;3;0;0;1;2;0;1;2;-20.33192942;-40.36246598
163559.0;2018-10-05;sexta-feira;21:28:00;262.0;36.0;DOMINGOS MARTINS;Pista Escorregadia;Tombamento;Com Vítimas Feridas;Plena Noite;Crescente;Chuva;Simples;Curva;Não;1;0;1;0;0;0;1;1;-20.38013309;-40.631105299999994
163555.0;2018-10-05;sexta-feira;20:20:00;101.0;146.0;LINHARES;Ingestão de Álcool;Colisão transversal;Com Vítimas Feridas;Plena Noite;Decrescente;Chuva;Múltipla;Interseção de vias;Sim;5;0;2;0;3;0;2;2;-19.369231399999997;-40.06533623
163545.0;2018-10-05;sexta-feira;20:00:00;101.0;145.0;LINHARES;Defeito Mecânico no Veículo;Tombamento;Com Vítimas Feridas;Plena Noite;Decrescente;Nublado;Múltipla;Reta;Sim;1;0;1;0;0;0;1;1;-19.36173112;-40.0645262
163533.0;2018-10-05;sexta-feira;18:00:00;101.0;262.0;SERRA;Desobediência às normas de trânsito pelo condutor;Colisão transversal;Com Vítimas Feridas;Plena Noite;Decrescente;Chuva;Dupla;Interseção de vias;Sim;2;0;0;1;1;0;1;2;-20.16079642;-40.27562171
163529.0;2018-10-05;sexta-feira;17:50:00;262.0;3.9;CARIACICA;Falta de Atenção à Condução;Colisão traseira;Com Vítimas Feridas;Anoitecer;Decrescente;Chuva;Dupla;Reta;Sim;2;0;0;1;1;0;1;2;-20.33612454;-40.37759364
163579.0;2018-10-05;sexta-feira;22:30:00;259.0;30.6;COLATINA;Velocidade Incompatível;Tombamento;Com Vítimas Feridas;Plena Noite;Decrescente;Nublado;Simples;Curva;Não;1;0;0;1;0;0;1;1;-19.58700316;-40.50915062
188177.0;2018-10-05;sexta-feira;18:20:00;262.0;2.0;CARIACICA;Falta de Atenção à Condução;Engavetamento;Sem Vítimas;Plena Noite;Decrescente;Chuva;Dupla;Curva;Sim;3;0;0;0;1;2;0;3;-20.33302328;-40.36087459
163487.0;2018-10-05;sexta-feira;15:15:00;262.0;2.0;CARIACICA;Falta de Atenção à Condução;Colisão lateral;Sem Vítimas;Pleno dia;Decrescente;Nublado;Dupla;Reta;Não;2;0;0;0;1;1;0;2;-20.33257513;-40.36147356
163453.0;2018-10-05;sexta-feira;12:30:00;101.0;297.6;VIANA;Falta de Atenção à Condução;Colisão traseira;Com Vítimas Feridas;Pleno dia;Decrescente;Céu Claro;Dupla;Curva;Sim;2;0;1;0;0;1;1;2;-20.35637606;-40.41827202
163412.0;2018-10-05;sexta-feira;06:50:00;101.0;37.8;CONCEICAO DA BARRA;Condutor Dormindo;Saída de leito carroçável;Com Vítimas Feridas;Pleno dia;Decrescente;Céu Claro;Simples;Reta;Não;1;0;0;1;0;0;1;1;-18.473329999999997;-39.926613
163411.0;2018-10-05;sexta-feira;07:20:00;101.0;267.7;SERRA;Não guardar distância de segurança;Colisão traseira;Com Vítimas Feridas;Pleno dia;Decrescente;Nublado;Dupla;Interseção de vias;Sim;2;0;1;0;1;0;1;2;-20.20636207;-40.26920289
166020.0;2018-10-05;sexta-feira;20:40:00;262.0;115.0;VENDA NOVA DO IMIGRANTE;Falta de Atenção à Condução;Colisão transversal;Com Vítimas Feridas;Plena Noite;Crescente;Chuva;Simples;Reta;Sim;3;0;3;0;0;0;3;2;-20.33655394;-41.18339628
163520.0;2018-10-05;sexta-feira;19:00:00;101.0;262.0;SERRA;Falta de Atenção à Condução;Colisão lateral;Com Vítimas Feridas;Plena Noite;Crescente;Chuva;Dupla;Desvio Temporário;Sim;3;0;1;0;2;0;1;2;-20.15902777;-40.27642071
163828.0;2018-10-06;sábado;23:10:00;101.0;284.2;CARIACICA;Pista Escorregadia;Saída de leito carroçável;Com Vítimas Feridas;Pleno dia;Decrescente;Chuva;Dupla;Reta;Não;1;0;1;0;0;0;1;1;-20.26416983;-40.38314581
209559.0;2018-10-06;sábado;07:40:00;262.0;119.2;CONCEICAO DO CASTELO;Velocidade Incompatível;Colisão frontal;Com Vítimas Feridas;Amanhecer;Crescente;Nevoeiro/Neblina;Simples;Curva;Não;7;0;1;6;0;0;7;2;-20.3073;-41.2311
163703.0;2018-10-06;sábado;13:30:00;101.0;262.2;SERRA;Falta de Atenção à Condução;Atropelamento de Pedestre;Com Vítimas Feridas;Pleno dia;Crescente;Nublado;Dupla;Reta;Sim;2;0;1;1;0;0;2;1;-20.158949399999997;-40.27624428