id;data_inversa;dia_semana;horario;br;km;municipio;causa_acidente;tipo_acidente;classificacao_acidente;fase_dia;sentido_via;condicao_metereologica;tipo_pista;tracado_via;uso_solo;pessoas;mortos;feridos_leves;feridos_graves;ilesos;ignorados;feridos;veiculos;latitude;longitude
163677.0;2018-10-06;sábado;09:15:00;101.0;148.3;LINHARES;Falta de Atenção do Pedestre;Colisão transversal;Com Vítimas Feridas;Pleno dia;Crescente;Céu Claro;Múltipla;Reta;Não;2;0;1;0;1;0;1;2;-19.39763011;-40.06473541
167793.0;2018-10-06;sábado;02:00:00;262.0;5.0;CARIACICA;Falta de Atenção à Condução;Colisão lateral;Sem Vítimas;Plena Noite;Crescente;Céu Claro;Dupla;Reta;Sim;1;0;0;0;1;0;0;1;-20.33738197;-40.37963536
163639.0;2018-10-06;sábado;07:10:00;101.0;155.2;LINHARES;Defeito Mecânico no Veículo;Saída de leito carroçável;Com Vítimas Feridas;Amanhecer;Decrescente;Nublado;Simples;Reta;Não;1;0;1;0;0;0;1;1;-19.44050285;-40.09022713
166205.0;2018-10-06;sábado;19:30:00;101.0;53.6;SAO MATEUS;Deficiência ou não Acionamento do Sistema de Iluminação/Sinalização do Veículo;Colisão traseira;Com Vítimas Feridas;Plena Noite;Crescente;Chuva;Simples;Não Informado;Não;7;0;1;2;1;3;3;2;-18.61550133;-39.88348246
163635.0;2018-10-06;sábado;07:00:00;262.0;29.7;DOMINGOS MARTINS;Velocidade Incompatível;Colisão frontal;Com Vítimas Fatais;Pleno dia;Decrescente;Nublado;Simples;Curva;Não;3;1;1;0;1;0;1;2;-20.37653255;-40.56514978
163975.0;2018-10-07;domingo;13:15:00;262.0;19.8;VIANA;Falta de Atenção à Condução;Colisão transversal;Com Vítimas Feridas;Pleno dia;Crescente;Nublado;Simples;Retorno Regulamentado;Sim;2;0;1;0;1;0;1;2;-20.3932;-40.4863
195689.0;2018-10-07;domingo;11:00:00;101.0;2.5;SERRA;Falta de Atenção à Condução;Colisão lateral;Com Vítimas Feridas;Pleno dia;Crescente;Céu Claro;Dupla;Reta;Sim;2;0;1;0;0;1;1;2;-20.25257917;-40.28783202
163866.0;2018-10-07;domingo;02:45:00;101.0;267.9;SERRA;Desobediência às normas de trânsito pelo condutor;Colisão transversal;Com Vítimas Feridas;Plena Noite;Decrescente;Chuva;Dupla;Não Informado;Sim;2;0;0;1;0;1;1;2;-20.20590395;-40.26932359
164024.0;2018-10-07;domingo;17:50:00;101.0;264.8;SERRA;Ingestão de Álcool;Colisão traseira;Sem Vítimas;Anoitecer;Crescente;Garoa/Chuvisco;Múltipla;Reta;Sim;2;0;0;0;2;0;0;2;-20.182121;-40.265597
164045.0;2018-10-07;domingo;19:00:00;259.0;90.0;BAIXO GUANDU;Falta de Atenção à Condução;Colisão traseira;Com Vítimas Feridas;Plena Noite;Crescente;Garoa/Chuvisco;Dupla;Reta;Não;3;0;1;1;1;0;2;2;-19.51045061;-40.97764971
164057.0;2018-10-07;domingo;18:40:00;101.0;49.0;CONCEICAO DA BARRA;Falta de Atenção do Pedestre;Atropelamento de Pedestre;Com Vítimas Feridas;Plena Noite;Crescente;Céu Claro;Simples;Reta;Não;2;0;0;1;1;0;1;1;-18.57725;-39.894962
164059.0;2018-10-07;domingo;19:30:00;262.0;127.5;CONCEICAO DO CASTELO;Falta de Atenção à Condução;Colisão com objeto estático;Com Vítimas Feridas;Plena Noite;Decrescente;Garoa/Chuvisco;Simples;Reta;Não;3;0;0;1;1;1;1;2;-20.25849319;-41.28735065
163874.0;2018-10-07;domingo;03:45:00;101.0;0.3;SERRA;Falta de Atenção à Condução;Colisão traseira;Com Vítimas Feridas;Plena Noite;Crescente;Chuva;Múltipla;Reta;Sim;3;0;2;0;1;0;2;2;-20.23668377;-40.27735829
164075.0;2018-10-07;domingo;21:30:00;101.0;284.0;SAO MATEUS;Falta de Atenção à Condução;Colisão traseira;Com Vítimas Feridas;Plena Noite;Decrescente;Céu Claro;Dupla;Reta;Sim;4;0;0;1;3;0;1;3;-18.720545;-39.865883000000004
164077.0;2018-10-07;domingo;22:00:00;262.0;78.6;DOMINGOS MARTINS;Velocidade Incompatível;Colisão frontal;Com Vítimas Feridas;Plena Noite;Crescente;Chuva;Simples;Curva;Não;6;0;4;2;0;0;6;2;-20.40989965;-40.92810631
163885.0;2018-10-07;domingo;04:30:00;101.0;202.0;JOAO NEIVA;Falta de Atenção à Condução;Saída de leito carroçável;Sem Vítimas;Amanhecer;Crescente;Chuva;Simples;Ponte;Não;1;0;0;0;0;1;0;1;-19.73859196;-40.36411285
164108.0;2018-10-07;domingo;20:30:00;101.0;140.0;LINHARES;Falta de Atenção à Condução;Colisão com objeto estático;Com Vítimas Feridas;Plena Noite;Crescente;Céu Claro;Simples;Interseção de vias;Sim;1;0;1;0;0;0;1;1;-19.32263505;-40.07366717
164966.0;2018-10-08;segunda-feira;21:10:00;101.0;291.9;CARIACICA;Falta de Atenção à Condução;Colisão transversal;Com Vítimas Feridas;Plena Noite;Crescente;Céu Claro;Dupla;Reta;Sim;3;0;0;1;1;1;1;2;-20.30592014;-40.39509237
168171.0;2018-10-08;segunda-feira;17:20:00;101.0;268.0;SERRA;Falta de Atenção à Condução;Colisão traseira;Com Vítimas Feridas;Pleno dia;Decrescente;Céu Claro;Dupla;Reta;Sim;2;0;0;1;1;0;1;2;-20.21548892;-40.26926994
164131.0;2018-10-08;segunda-feira;08:00:00;101.0;244.5;SERRA;Falta de Atenção à Condução;Colisão transversal;Com Vítimas Feridas;Pleno dia;Decrescente;Nublado;Simples;Interseção de vias;Sim;2;0;1;0;1;0;1;2;-20.05203539;-40.38460519
164135.0;2018-10-08;segunda-feira;08:50:00;101.0;269.0;SERRA;Falta de Atenção à Condução;Colisão traseira;Com Vítimas Feridas;Pleno dia;Crescente;Céu Claro;Dupla;Reta;Sim;2;0;0;1;1;0;1;2;-20.2251337;-40.27048767
164142.0;2018-10-08;segunda-feira;09:00:00;262.0;5.8;CARIACICA;Falta de Atenção à Condução;Colisão traseira;Com Vítimas Feridas;Pleno dia;Decrescente;Céu Claro;Múltipla;Interseção de vias;Sim;2;0;1;0;1;0;1;2;-20.33891301;-40.39282054
164175.0;2018-10-08;segunda-feira;12:00:00;262.0;118.8;CONCEICAO DO CASTELO;Falta de Atenção à Condução;Colisão lateral;Com Vítimas Feridas;Pleno dia;Decrescente;Céu Claro;Simples;Reta;Não;3;0;0;1;1;1;1;2;-20.3172;-41.2283
164199.0;2018-10-08;segunda-feira;15:00:00;101.0;145.0;LINHARES;Falta de Atenção à Condução;Queda de ocupante de veículo;Com Vítimas Feridas;Pleno dia;Crescente;Sol;Dupla;Reta;Sim;1;0;1;0;0;0;1;1;-19.358679300000002;-40.06413192
164202.0;2018-10-08;segunda-feira;15:00:00;262.0;28.9;VIANA;Defeito Mecânico no Veículo;Saída de leito carroçável;Sem Vítimas;Pleno dia;Decrescente;Céu Claro;Dupla;Reta;Não;1;0;0;0;1;0;0;1;-20.37793557;-40.56053907
164228.0;2018-10-08;segunda-feira;19:20:00;262.0;6.0;CARIACICA;Falta de Atenção à Condução;Colisão lateral;Com Vítimas Feridas;Plena Noite;Crescente;Céu Claro;Dupla;Reta;Sim;2;0;1;0;1;0;1;1;-20.34136761;-40.396685600000005
164231.0;2018-10-08;segunda-feira;18:00:00;101.0;1.5;VITORIA;Falta de Atenção à Condução;Colisão lateral;Com Vítimas Feridas;Plena Noite;Decrescente;Céu Claro;Dupla;Reta;Não;3;0;1;0;2;0;1;3;-20.2478137;-40.28456926
164260.0;2018-10-08;segunda-feira;22:55:00;101.0;64.5;SAO MATEUS;Não guardar distância de segurança;Colisão lateral;Com Vítimas Feridas;Plena Noite;Crescente;Nublado;Simples;Curva;Não;2;0;1;0;0;1;1;2;-18.704285000000002;-39.870659
164121.0;2018-10-08;segunda-feira;07:20:00;101.0;288.4;CARIACICA;Velocidade Incompatível;Saída de leito carroçável;Com Vítimas Feridas;Pleno dia;Crescente;Sol;Dupla;Curva;Sim;1;0;0;1;0;0;1;1;-20.2751149;-40.39247453
164158.0;2018-10-08;segunda-feira;09:00:00;101.0;270.5;SERRA;Desobediência às normas de trânsito pelo condutor;Colisão lateral;Com Vítimas Feridas;Pleno dia;Decrescente;Nublado;Dupla;Interseção de vias;Sim;3;0;1;0;2;0;1;3;-20.23081826;-40.27332021
164317.0;2018-10-09;terça-feira;10:15:00;101.0;144.0;LINHARES;Falta de Atenção à Condução;Colisão traseira;Com Vítimas Feridas;Pleno dia;Decrescente;Céu Claro;Múltipla;Reta;Sim;2;0;1;0;1;0;1;2;-19.35268175;-40.06356061
164281.0;2018-10-09;terça-feira;06:50:00;101.0;267.0;SERRA;Desobediência às normas de trânsito pelo condutor;Colisão transversal;Com Vítimas Feridas;Pleno dia;Decrescente;Céu Claro;Múltipla;Interseção de vias;Sim;4;0;0;1;2;1;1;2;-20.207296;-40.269531
164295.0;2018-10-09;terça-feira;07:40:00;101.0;289.7;CARIACICA;Falta de Atenção à Condução;Colisão traseira;Com Vítimas Feridas;Pleno dia;Crescente;Céu Claro;Dupla;Não Informado;Sim;2;0;1;0;1;0;1;2;-20.28638841;-40.39247683
164297.0;2018-10-09;terça-feira;08:00:00;101.0;267.1;SERRA;Restrição de Visibilidade;Colisão lateral;Com Vítimas Feridas;Pleno dia;Crescente;Céu Claro;Dupla;Reta;Sim;3;0;1;0;2;0;1;2;-20.19828187;-40.26890248
164339.0;2018-10-09;terça-feira;12:10:00;101.0;147.0;LINHARES;Falta de Atenção à Condução;Colisão traseira;Com Vítimas Feridas;Pleno dia;Decrescente;Céu Claro;Simples;Reta;Sim;2;0;1;0;1;0;1;2;-19.37914081;-40.06653786
164342.0;2018-10-09;terça-feira;11:50:00;262.0;6.0;CARIACICA;Falta de Atenção do Pedestre;Atropelamento de Pedestre;Com Vítimas Feridas;Pleno dia;Decrescente;Sol;Múltipla;Reta;Sim;2;0;2;0;0;0;2;1;-20.34073385;-40.39497167
164551.0;2018-10-10;quarta-feira;11:40:00;101.0;61.8;SAO MATEUS;Falta de Atenção à Condução;Colisão transversal;Com Vítimas Feridas;Pleno dia;Decrescente;Sol;Simples;Reta;Sim;2;0;0;1;1;0;1;2;-18.681532;-39.863647
164517.0;2018-10-10;quarta-feira;08:50:00;101.0;303.7;VIANA;Carga excessiva e/ou mal acondicionada;Colisão com objeto em movimento;Com Vítimas Feridas;Pleno dia;Crescente;Céu Claro;Dupla;Reta;Não;1;0;1;0;0;0;1;1;-20.38035435;-40.45337677
164621.0;2018-10-10;quarta-feira;18:45:00;101.0;267.8;SERRA;Desobediência às normas de trânsito pelo condutor;Colisão transversal;Com Vítimas Feridas;Plena Noite;Decrescente;Céu Claro;Múltipla;Reta;Sim;4;0;0;1;1;2;1;2;-20.20638724;-40.26936114
164593.0;2018-10-10;quarta-feira;15:45:00;101.0;224.8;IBIRACU;Ultrapassagem Indevida;Saída de leito carroçável;Com Vítimas Fatais;Pleno dia;Crescente;Céu Claro;Simples;Reta;Não;1;1;0;0;0;0;0;1;-19.89362857;-40.41320801
164555.0;2018-10-10;quarta-feira;12:30:00;262.0;3.9;CARIACICA;Falta de Atenção à Condução;Colisão traseira;Com Vítimas Feridas;Pleno dia;Crescente;Céu Claro;Múltipla;Reta;Sim;2;0;1;0;1;0;1;2;-20.33656903;-40.37928343
164821.0;2018-10-11;quinta-feira;18:45:00;101.0;67.6;SAO MATEUS;Desobediência às normas de trânsito pelo condutor;Colisão transversal;Com Vítimas Feridas;Plena Noite;Decrescente;Céu Claro;Múltipla;Interseção de vias;Sim;3;0;2;0;1;0;2;2;-18.720545;-39.865883000000004
164877.0;2018-10-11;quinta-feira;23:20:00;101.0;270.8;SERRA;Agressão Externa;Incêndio;Sem Vítimas;Plena Noite;Crescente;Ignorado;Múltipla;Reta;Sim;1;0;0;0;1;0;0;1;-20.22793239;-40.27142644
164853.0;2018-10-11;quinta-feira;21:15:00;262.0;81.4;DOMINGOS MARTINS;Falta de Atenção à Condução;Colisão lateral;Com Vítimas Feridas;Plena Noite;Decrescente;Nublado;Simples;Reta;Não;3;0;1;0;2;0;1;3;-20.40796902;-40.95147371
164829.0;2018-10-11;quinta-feira;19:35:00;262.0;1.4;CARIACICA;Desobediência às normas de trânsito pelo condutor;Colisão transversal;Com Vítimas Feridas;Plena Noite;Decrescente;Nublado;Dupla;Interseção de vias;Sim;4;0;0;1;2;1;1;2;-20.3329373;-40.35687089
164675.0;2018-10-11;quinta-feira;06:00:00;101.0;67.5;SAO MATEUS;Desobediência às normas de trânsito pelo condutor;Colisão transversal;Com Vítimas Feridas;Pleno dia;Crescente;Sol;Simples;Interseção de vias;Sim;3;0;1;0;2;0;1;3;-18.720545;-39.865883000000004
164716.0;2018-10-11;quinta-feira;09:00:00;259.0;8.6;JOAO NEIVA;Velocidade Incompatível;Tombamento;Com Vítimas Feridas;Pleno dia;Decrescente;Céu Claro;Simples;Curva;Não;2;0;1;0;1;0;1;1;-19.60636892;-40.49586296
164740.0;2018-10-11;quinta-feira;10:45:00;262.0;159.4;IBATIBA;Desobediência às normas de trânsito pelo condutor;Colisão transversal;Com Vítimas Feridas;Pleno dia;Crescente;Céu Claro;Simples;Interseção de vias;Sim;3;0;1;0;2;0;1;2;-20.2373;-41.5112
164768.0;2018-10-11;quinta-feira;13:50:00;101.0;259.5;SERRA;Não guardar distância de segurança;Colisão lateral;Com Vítimas Feridas;Pleno dia;Decrescente;Céu Claro;Dupla;Reta;Sim;2;0;0;1;1;0;1;2;-20.12944472;-40.297830100000006
164779.0;2018-10-11;quinta-feira;16:00:00;101.0;264.0;SERRA;Desobediência às normas de trânsito pelo condutor;Colisão transversal;Com Vítimas Feridas;Pleno dia;Crescente;Céu Claro;Dupla;Interseção de vias;Sim;3;0;0;1;1;1;1;3;-20.17642043;-40.26611567
164780.0;2018-10-11;quinta-feira;16:30:00;101.0;388.6;RIO NOVO DO SUL;Velocidade Incompatível;Tombamento;Com Vítimas Feridas;Pleno dia;Decrescente;Nublado;Simples;Curva;Não;3;0;2;0;1;0;2;2;-20.87292728;-40.9487915
164792.0;2018-10-11;quinta-feira;17:00:00;101.0;298.0;CARIACICA;Falta de Atenção à Condução;Atropelamento de Pedestre;Com Vítimas Feridas;Pleno dia;Decrescente;Céu Claro;Múltipla;Reta;Sim;2;0;0;1;0;1;1;1;-20.34699972;-40.40786907
164803.0;2018-10-11;quinta-feira;17:15:00;101.0;402.4;ITAPEMIRIM;Ingestão de Álcool;Colisão traseira;Sem Vítimas;Plena Noite;Decrescente;Nublado;Múltipla;Reta;Não;2;0;0;0;2;0;0;2;-20.88965763;-40.99408865
165109.0;2018-10-12;sexta-feira;23:00:00;101.0;203.5;JOAO NEIVA;Desobediência às normas de trânsito pelo condutor;Tombamento;Sem Vítimas;Plena Noite;Decrescente;Chuva;Dupla;Curva;Não;1;0;0;0;1;0;0;1;-19.74641805;-40.37537456
164927.0;2018-10-12;sexta-feira;06:20:00;101.0;145.0;LINHARES;Condutor Dormindo;Queda de ocupante de veículo;Com Vítimas Feridas;Amanhecer;Crescente;Céu Claro;Simples;Reta;Sim;1;0;1;0;0;0;1;1;-19.35536423;-40.06427407
164933.0;2018-10-12;sexta-feira;07:00:00;259.0;50.0;COLATINA;Desobediência às normas de trânsito pelo condutor;Colisão transversal;Com Vítimas Feridas;Pleno dia;Decrescente;Nublado;Simples;Interseção de vias;Sim;2;0;1;0;1;0;1;2;-19.510103;-40.606152
165023.0;2018-10-12;sexta-feira;15:30:00;262.0;19.8;VIANA;Falta de Atenção à Condução;Colisão traseira;Com Vítimas Feridas;Pleno dia;Decrescente;Céu Claro;Simples;Reta;Sim;4;0;1;0;3;0;1;3;-20.38672044;-40.4957726
165052.0;2018-10-12;sexta-feira;12:22:00;101.0;379.0;ICONHA;Falta de Atenção à Condução;Colisão transversal;Com Vítimas Feridas;Pleno dia;Crescente;Céu Claro;Simples;Reta;Não;3;0;2;0;1;0;2;2;-20.79816429;-40.82244873
165054.0;2018-10-12;sexta-feira;17:45:00;101.0;144.0;LINHARES;Falta de Atenção à Condução;Colisão traseira;Com Vítimas Feridas;Plena Noite;Decrescente;Céu Claro;Múltipla;Interseção de vias;Sim;4;0;1;0;3;0;1;2;-19.35175047;-40.06351769
165049.0;2018-10-12;sexta-feira;17:40:00;101.0;385.9;RIO NOVO DO SUL;Condutor Dormindo;Saída de leito carroçável;Com Vítimas Feridas;Anoitecer;Decrescente;Céu Claro;Simples;Curva;Não;1;0;0;1;0;0;1;1;-20.84138616;-40.87196231
165065.0;2018-10-12;sexta-feira;18:50:00;101.0;308.0;VIANA;Ingestão de Álcool;Atropelamento de Pedestre;Com Vítimas Feridas;Plena Noite;Crescente;Céu Claro;Simples;Reta;Não;2;0;0;1;1;0;1;1;-20.40416802;-40.41166306
165127.0;2018-10-13;sábado;02:45:00;101.0;417.9;CACHOEIRO DE ITAPEMIRIM;Ingestão de Álcool;Colisão frontal;Com Vítimas Feridas;Plena Noite;Decrescente;Céu Claro;Simples;Reta;Não;2;0;1;0;1;0;1;2;-20.95256268;-41.0906589
165162.0;2018-10-13;sábado;08:00:00;101.0;220.2;IBIRACU;Falta de Atenção à Condução;Saída de leito carroçável;Com Vítimas Feridas;Pleno dia;Decrescente;Céu Claro;Simples;Reta;Não;2;0;0;1;1;0;1;1;-19.86497434;-40.39439768
165174.0;2018-10-13;sábado;09:30:00;262.0;0.5;CARIACICA;Desobediência às normas de trânsito pelo condutor;Colisão lateral;Com Vítimas Feridas;Pleno dia;Decrescente;Céu Claro;Simples;Reta;Sim;5;0;1;3;1;0;4;2;-20.32190074;-40.35392398
165176.0;2018-10-13;sábado;09:50:00;101.0;54.1;SAO MATEUS;Velocidade Incompatível;Capotamento;Com Vítimas Feridas;Pleno dia;Decrescente;Céu Claro;Simples;Desvio Temporário;Não;2;0;1;0;1;0;1;1;-18.620737;-39.881873999999996
165228.0;2018-10-13;sábado;16:00:00;101.0;297.4;VIANA;Animais na Pista;Colisão traseira;Com Vítimas Feridas;Pleno dia;Crescente;Céu Claro;Dupla;Reta;Sim;4;0;1;0;2;1;1;3;-20.34866488;-40.41205198
165287.0;2018-10-13;sábado;20:50:00;101.0;146.5;LINHARES;Desobediência às normas de trânsito pelo condutor;Colisão lateral;Com Vítimas Feridas;Plena Noite;Decrescente;Céu Claro;Múltipla;Reta;Sim;2;0;0;1;1;0;1;2;-19.37324962;-40.06572247
165525.0;2018-10-14;domingo;23:15:00;101.0;265.7;SERRA;Velocidade Incompatível;Colisão traseira;Com Vítimas Feridas;Plena Noite;Decrescente;Nublado;Múltipla;Reta;Sim;4;0;1;0;3;0;1;3;-20.188114000000002;-40.26822712
165495.0;2018-10-14;domingo;20:30:00;101.0;125.7;SOORETAMA;Falta de Atenção à Condução;Colisão traseira;Com Vítimas Feridas;Plena Noite;Crescente;Nublado;Simples;Reta;Sim;2;0;1;0;1;0;1;2;-19.19218989;-40.09426117
165472.0;2018-10-14;domingo;18:30:00;262.0;160.3;IBATIBA;Velocidade Incompatível;Colisão transversal;Sem Vítimas;Plena Noite;Crescente;Chuva;Simples;Curva;Não;2;0;0;0;2;0;0;2;-20.23689188;-41.51650786
165947.0;2018-10-14;domingo;15:00:00;262.0;158.3;IBATIBA;Não guardar distância de segurança;Colisão traseira;Com Vítimas Feridas;Pleno dia;Crescente;Chuva;Simples;Reta;Não;2;0;0;1;1;0;1;2;-20.23071089;-41.49743199
165453.0;2018-10-14;domingo;18:30:00;101.0;285.0;CARIACICA;Falta de Atenção à Condução;Queda de ocupante de veículo;Com Vítimas Feridas;Plena Noite;Decrescente;Garoa/Chuvisco;Múltipla;Desvio Temporário;Não;1;0;1;0;0;0;1;1;-20.25119579;-40.37252963
165466.0;2018-10-14;domingo;19:00:00;101.0;391.2;RIO NOVO DO SUL;Velocidade Incompatível;Colisão lateral;Com Vítimas Fatais;Plena Noite;Crescente;Chuva;Simples;Curva;Não;5;1;0;1;3;0;1;4;-20.865869699999998;-40.91282845
165434.0;2018-10-14;domingo;16:00:00;101.0;143.0;LINHARES;Ingestão de Álcool;Colisão traseira;Sem Vítimas;Pleno dia;Decrescente;Sol;Múltipla;Reta;Sim;2;0;0;0;2;0;0;2;-19.33747687;-40.06575465
165435.0;2018-10-14;domingo;16:00:00;262.0;71.0;MARECHAL FLORIANO;Desobediência às normas de trânsito pelo condutor;Colisão frontal;Com Vítimas Feridas;Pleno dia;Crescente;Garoa/Chuvisco;Simples;Curva;Não;3;0;0;1;2;0;1;2;-20.4112923;-40.88035494
165310.0;2018-10-14;domingo;01:00:00;101.0;173.0;ARACRUZ;Ingestão de Álcool;Atropelamento de Pedestre;Com Vítimas Feridas;Plena Noite;Crescente;Ignorado;Simples;Reta;Não;2;0;0;1;0;1;1;2;-19.56253995;-40.17743111
167016.0;2018-10-14;domingo;15:00:00;262.0;169.3;IBATIBA;Pista Escorregadia;Colisão frontal;Com Vítimas Fatais;Pleno dia;Decrescente;Chuva;Simples;Curva;Não;3;1;0;0;1;1;0;2;-20.26501527;-41.579175
165389.0;2018-10-14;domingo;12:45:00;101.0;180.9;ARACRUZ;Desobediência às normas de trânsito pelo condutor;Saída de leito carroçável;Com Vítimas Feridas;Pleno dia;Crescente;Céu Claro;Simples;Não Informado;Não;3;0;1;0;2;0;1;1;-19.63146209;-40.22633851
165354.0;2018-10-14;domingo;09:00:00;101.0;100.2;JAGUARE;Falta de Atenção à Condução;Colisão transversal;Com Vítimas Feridas;Pleno dia;Decrescente;Sol;Simples;Reta;Sim;2;0;1;0;1;0;1;2;-18.93584072;-39.97426987
165664.0;2018-10-15;segunda-feira;15:50:00;262.0;4.3;CARIACICA;Falta de Atenção à Condução;Tombamento;Com Vítimas Feridas;Pleno dia;Crescente;Nublado;Múltipla;Curva;Sim;2;0;0;1;0;1;1;1;-20.33858103;-40.38248599
165728.0;2018-10-15;segunda-feira;21:08:00;101.0;144.0;LINHARES;Falta de Atenção à Condução;Colisão transversal;Com Vítimas Feridas;Plena Noite;Crescente;Céu Claro;Múltipla;Reta;Sim;2;0;2;0;0;0;2;2;-19.35305629;-40.063576700000006
171804.0;2018-10-16;terça-feira;21:00:00;262.0;142.0;MUNIZ FREIRE;Falta de Atenção à Condução;Colisão lateral;Com Vítimas Feridas;Plena Noite;Crescente;Céu Claro;Simples;Reta;Não;3;0;0;1;2;0;1;2;-20.229;-41.388999999999996
165816.0;2018-10-16;terça-feira;11:40:00;101.0;0.1;SERRA;Falta de Atenção à Condução;Colisão traseira;Com Vítimas Feridas;Pleno dia;Decrescente;Nublado;Simples;Reta;Sim;3;0;1;0;2;0;1;2;-20.23483829;-40.27602911
165853.0;2018-10-16;terça-feira;14:50:00;101.0;285.8;CARIACICA;Falta de Atenção à Condução;Tombamento;Com Vítimas Feridas;Pleno dia;Crescente;Chuva;Dupla;Reta;Sim;1;0;1;0;0;0;1;1;-20.25457387;-40.37495865
165856.0;2018-10-16;terça-feira;14:50:00;262.0;35.3;DOMINGOS MARTINS;Pista Escorregadia;Colisão com objeto estático;Com Vítimas Feridas;Pleno dia;Decrescente;Garoa/Chuvisco;Simples;Curva;Não;1;0;1;0;0;0;1;1;-20.37689462;-40.59420163
165892.0;2018-10-16;terça-feira;17:20:00;101.0;213.0;IBIRACU;Falta de Atenção à Condução;Colisão transversal;Com Vítimas Feridas;Plena Noite;Crescente;Chuva;Simples;Reta;Não;3;0;1;0;2;0;1;2;-19.82968864;-40.37054803
165904.0;2018-10-16;terça-feira;19:30:00;101.0;229.9;FUNDAO;Falta de Atenção do Pedestre;Atropelamento de Pedestre;Com Vítimas Feridas;Plena Noite;Crescente;Chuva;Simples;Reta;Sim;2;0;0;1;1;0;1;1;-19.93478472;-40.40541887
165930.0;2018-10-16;terça-feira;23:00:00;101.0;269.0;SERRA;Pista Escorregadia;Tombamento;Com Vítimas Feridas;Plena Noite;Crescente;Chuva;Dupla;Reta;Sim;2;0;1;1;0;0;2;1;-20.22304189;-40.27030852
165820.0;2018-10-16;terça-feira;12:00:00;101.0;447.7;MIMOSO DO SUL;Velocidade Incompatível;Colisão lateral;Com Vítimas Fatais;Pleno dia;Crescente;Chuva;Simples;Curva;Não;3;1;0;1;1;0;1;3;-21.12900532;-41.28035545
165966.0;2018-10-17;quarta-feira;07:15:00;101.0;128.2;SOORETAMA;Desobediência às normas de trânsito pelo condutor;Colisão traseira;Sem Vítimas;Pleno dia;Crescente;Garoa/Chuvisco;Simples;Reta;Não;2;0;0;0;2;0;0;2;-19.21253477;-40.09460449
165994.0;2018-10-17;quarta-feira;11:05:00;262.0;5.7;CARIACICA;Não guardar distância de segurança;Colisão traseira;Com Vítimas Feridas;Pleno dia;Crescente;Chuva;Dupla;Reta;Sim;5;0;3;0;2;0;3;2;-20.3376312;-40.390440000000005
165963.0;2018-10-17;quarta-feira;07:50:00;101.0;264.5;SERRA;Desobediência às normas de trânsito pelo condutor;Colisão lateral;Com Vítimas Feridas;Pleno dia;Crescente;Chuva;Múltipla;Reta;Sim;3;0;0;1;2;0;1;3;-20.17827448;-40.26557952
166009.0;2018-10-17;quarta-feira;02:15:00;262.0;34.0;DOMINGOS MARTINS;Velocidade Incompatível;Tombamento;Com Vítimas Feridas;Plena Noite;Crescente;Chuva;Simples;Curva;Não;1;0;0;1;0;0;1;1;-20.373012399999997;-40.59288198
166038.0;2018-10-17;quarta-feira;16:30:00;262.0;31.9;DOMINGOS MARTINS;Velocidade Incompatível;Colisão frontal;Com Vítimas Feridas;Pleno dia;Crescente;Chuva;Simples;Curva;Não;2;0;0;1;1;0;1;2;-20.3768;-40.5817
166015.0;2018-10-17;quarta-feira;11:55:00;101.0;256.0;SERRA;Pista Escorregadia;Queda de ocupante de veículo;Com Vítimas Feridas;Pleno dia;Crescente;Chuva;Simples;Desvio Temporário;Não;1;0;0;1;0;0;1;1;-20.12150661;-40.30701399
166032.0;2018-10-17;quarta-feira;15:50:00;101.0;233.5;FUNDAO;Defeito Mecânico no Veículo;Tombamento;Com Vítimas Feridas;Pleno dia;Decrescente;Chuva;Simples;Curva;Não;2;0;1;1;0;0;2;1;-19.96825763;-40.40678037
166267.0;2018-10-18;quinta-feira;19:25:00;262.0;2.1;CARIACICA;Falta de Atenção do Pedestre;Atropelamento de Pedestre;Com Vítimas Feridas;Plena Noite;Crescente;Garoa/Chuvisco;Dupla;Reta;Sim;2;0;1;0;1;0;1;1;-20.33558188;-40.37496194
166271.0;2018-10-18;quinta-feira;10:35:00;262.0;180.0;IBATIBA;Mal Súbito;Capotamento;Com Vítimas Feridas;Pleno dia;Crescente;Nublado;Simples;Reta;Não;1;0;0;1;0;0;1;1;-20.295939800000003;-41.6898482