id;data_inversa;dia_semana;horario;br;km;municipio;causa_acidente;tipo_acidente;classificacao_acidente;fase_dia;sentido_via;condicao_metereologica;tipo_pista;tracado_via;uso_solo;pessoas;mortos;feridos_leves;feridos_graves;ilesos;ignorados;feridos;veiculos;latitude;longitude
171881.0;2018-11-16;sexta-feira;01:00:00;101.0;355.8;ANCHIETA;Ingestão de álcool e/ou substâncias psicoativas pelo pedestre;Tombamento;Com Vítimas Fatais;Plena Noite;Crescente;Nublado;Simples;Reta;Não;1;1;0;0;0;0;0;1;-20.6925901;-40.6846399
174079.0;2018-11-16;sexta-feira;06:30:00;262.0;149.0;IBATIBA;Falta de Atenção à Condução;Colisão traseira;Com Vítimas Feridas;Amanhecer;Decrescente;Nublado;Simples;Reta;Não;3;0;2;0;1;0;2;2;-20.218249399999998;-41.44198202
172233.0;2018-11-17;sábado;20:00:00;101.0;298.8;VIANA;Desobediência às normas de trânsito pelo condutor;Colisão transversal;Com Vítimas Feridas;Plena Noite;Crescente;Céu Claro;Dupla;Reta;Sim;2;0;1;0;0;1;1;2;-20.35829543;-40.42226851
172179.0;2018-11-17;sábado;15:20:00;101.0;229.1;FUNDAO;Falta de Atenção à Condução;Colisão frontal;Com Vítimas Feridas;Pleno dia;Decrescente;Chuva;Simples;Curva;Sim;2;0;0;1;1;0;1;2;-19.9298526;-40.40622354
172142.0;2018-11-17;sábado;10:00:00;101.0;298.2;VIANA;Desobediência às normas de trânsito pelo condutor;Colisão lateral;Com Vítimas Feridas;Pleno dia;Decrescente;Céu Claro;Dupla;Não Informado;Sim;2;0;0;1;1;0;1;2;-20.35544059;-40.41709721
172214.0;2018-11-17;sábado;17:15:00;262.0;110.0;VENDA NOVA DO IMIGRANTE;Ingestão de Álcool;Colisão transversal;Sem Vítimas;Pleno dia;Crescente;Nublado;Simples;Reta;Não;2;0;0;0;2;0;0;2;-20.3365;-41.1839
172121.0;2018-11-17;sábado;07:00:00;101.0;262.7;SERRA;Defeito Mecânico no Veículo;Colisão traseira;Com Vítimas Feridas;Pleno dia;Crescente;Céu Claro;Simples;Reta;Sim;2;0;1;0;1;0;1;2;-20.1852419;-40.26745141
172120.0;2018-11-17;sábado;06:10:00;259.0;50.0;COLATINA;Carga excessiva e/ou mal acondicionada;Tombamento;Com Vítimas Feridas;Pleno dia;Crescente;Céu Claro;Simples;Curva;Sim;1;0;0;1;0;0;1;1;-19.50880241;-40.60606765
172137.0;2018-11-17;sábado;09:55:00;101.0;160.0;LINHARES;Falta de Atenção do Pedestre;Atropelamento de Pedestre;Com Vítimas Feridas;Pleno dia;Crescente;Sol;Simples;Reta;Sim;2;0;0;1;1;0;1;1;-19.46764964;-40.10902405
172369.0;2018-11-18;domingo;11:30:00;101.0;264.5;SERRA;Falta de Atenção à Condução;Colisão lateral;Com Vítimas Feridas;Pleno dia;Decrescente;Nublado;Dupla;Interseção de vias;Sim;2;0;1;0;1;0;1;2;-20.178162;-40.265369
172377.0;2018-11-18;domingo;12:40:00;101.0;289.6;CARIACICA;Pista Escorregadia;Colisão com objeto estático;Com Vítimas Feridas;Pleno dia;Crescente;Chuva;Dupla;Não Informado;Não;1;0;1;0;0;0;1;1;-20.28054705;-40.39327383
172365.0;2018-11-18;domingo;10:20:00;101.0;177.0;ARACRUZ;Avarias e/ou desgaste excessivo no pneu;Capotamento;Sem Vítimas;Pleno dia;Crescente;Chuva;Simples;Curva;Sim;1;0;0;0;1;0;0;1;-19.63579717;-40.22987366
172312.0;2018-11-18;domingo;04:25:00;101.0;22.0;PINHEIROS;Desobediência às normas de trânsito pelo condutor;Colisão frontal;Com Vítimas Fatais;Amanhecer;Crescente;Chuva;Simples;Reta;Não;4;1;0;2;1;0;2;2;-18.46670127;-39.92860978
172413.0;2018-11-18;domingo;15:00:00;262.0;2.4;CARIACICA;Condutor Dormindo;Saída de leito carroçável;Com Vítimas Feridas;Pleno dia;Crescente;Céu Claro;Dupla;Reta;Sim;2;0;0;2;0;0;2;1;-20.33217087;-40.367015
172553.0;2018-11-18;domingo;23:30:00;262.0;5.7;CARIACICA;Desobediência às normas de trânsito pelo condutor;Colisão transversal;Sem Vítimas;Plena Noite;Decrescente;Nublado;Múltipla;Interseção de vias;Sim;2;0;0;0;2;0;0;2;-20.33849552;-40.39223045
172637.0;2018-11-19;segunda-feira;10:15:00;101.0;329.1;GUARAPARI;Falta de Atenção à Condução;Capotamento;Com Vítimas Feridas;Pleno dia;Crescente;Céu Claro;Simples;Reta;Não;2;0;2;0;0;0;2;1;-20.58642947;-40.49775124
172681.0;2018-11-19;segunda-feira;17:20:00;262.0;7.0;CARIACICA;Falta de Atenção do Pedestre;Atropelamento de Pedestre;Com Vítimas Feridas;Anoitecer;Decrescente;Nublado;Múltipla;Reta;Sim;3;0;0;1;2;0;1;1;-20.34186557;-40.3976807
172668.0;2018-11-19;segunda-feira;16:15:00;262.0;4.7;CARIACICA;Falta de Atenção à Condução;Queda de ocupante de veículo;Com Vítimas Feridas;Pleno dia;Decrescente;Nublado;Dupla;Reta;Sim;1;0;1;0;0;0;1;1;-20.33786678;-40.38599968
172646.0;2018-11-19;segunda-feira;14:00:00;101.0;273.0;SERRA;Desobediência às normas de trânsito pelo pedestre;Atropelamento de Pedestre;Com Vítimas Feridas;Pleno dia;Decrescente;Céu Claro;Dupla;Reta;Não;2;0;0;1;1;0;1;2;-20.22028118;-40.29054154
172645.0;2018-11-19;segunda-feira;14:00:00;101.0;238.4;FUNDAO;Desobediência às normas de trânsito pelo condutor;Colisão lateral;Com Vítimas Feridas;Pleno dia;Crescente;Céu Claro;Simples;Curva;Não;2;0;1;0;1;0;1;2;-20.00631953;-40.41213542
172578.0;2018-11-19;segunda-feira;07:00:00;101.0;150.7;LINHARES;Não guardar distância de segurança;Colisão traseira;Com Vítimas Feridas;Pleno dia;Crescente;Céu Claro;Múltipla;Não Informado;Sim;3;0;1;0;2;0;1;3;-19.4070514;-40.06402731
172581.0;2018-11-19;segunda-feira;07:30:00;262.0;165.4;IBATIBA;Desobediência às normas de trânsito pelo condutor;Tombamento;Com Vítimas Feridas;Pleno dia;Decrescente;Céu Claro;Simples;Curva;Não;1;0;1;0;0;0;1;1;-20.24834719;-41.54909134
172904.0;2018-11-20;terça-feira;20:15:00;259.0;59.2;COLATINA;Falta de Atenção à Condução;Colisão transversal;Com Vítimas Feridas;Plena Noite;Crescente;Nublado;Simples;Não Informado;Não;2;0;0;1;1;0;1;2;-19.521255;-40.665943
172835.0;2018-11-20;terça-feira;14:15:00;262.0;162.5;IBATIBA;Falta de Atenção à Condução;Engavetamento;Com Vítimas Feridas;Pleno dia;Crescente;Chuva;Simples;Curva;Não;4;0;1;0;3;0;1;3;-20.23845219;-41.536613700000004
172772.0;2018-11-20;terça-feira;07:30:00;262.0;1.2;CARIACICA;Falta de Atenção à Condução;Colisão transversal;Com Vítimas Feridas;Amanhecer;Crescente;Nublado;Múltipla;Reta;Sim;3;0;1;0;2;0;1;2;-20.3326;-40.3608
172762.0;2018-11-20;terça-feira;06:00:00;101.0;363.0;ANCHIETA;Desobediência às normas de trânsito pelo condutor;Colisão frontal;Com Vítimas Feridas;Pleno dia;Crescente;Nublado;Simples;Reta;Não;7;0;4;1;2;0;5;3;-20.71710246;-40.73125362
172749.0;2018-11-20;terça-feira;00:10:00;101.0;339.8;GUARAPARI;Velocidade Incompatível;Saída de leito carroçável;Com Vítimas Feridas;Plena Noite;Crescente;Chuva;Simples;Não Informado;Não;2;0;2;0;0;0;2;1;-20.6457472;-40.5648823
172912.0;2018-11-20;terça-feira;21:00:00;101.0;377.0;ICONHA;Ingestão de Álcool;Colisão transversal;Sem Vítimas;Plena Noite;Crescente;Chuva;Simples;Reta;Sim;2;0;0;0;2;0;0;2;-20.79297884;-40.80887139
172913.0;2018-11-20;terça-feira;21:00:00;101.0;67.7;SAO MATEUS;Desobediência às normas de trânsito pelo condutor;Colisão transversal;Com Vítimas Feridas;Plena Noite;Crescente;Nublado;Múltipla;Interseção de vias;Sim;3;0;3;0;0;0;3;2;-18.7238932;-39.86019015
173092.0;2018-11-21;quarta-feira;21:30:00;101.0;147.0;LINHARES;Falta de Atenção à Condução;Colisão transversal;Com Vítimas Feridas;Plena Noite;Crescente;Céu Claro;Múltipla;Interseção de vias;Sim;2;0;1;0;1;0;1;2;-19.37717328;-40.06513596
184746.0;2018-11-21;quarta-feira;16:20:00;101.0;266.5;SERRA;Falta de Atenção à Condução;Colisão traseira;Com Vítimas Feridas;Pleno dia;Crescente;Sol;Múltipla;Reta;Sim;3;0;1;0;2;0;1;2;-20.19713493;-40.26884448
173084.0;2018-11-21;quarta-feira;21:10:00;262.0;81.7;DOMINGOS MARTINS;Pista Escorregadia;Colisão traseira;Com Vítimas Feridas;Plena Noite;Crescente;Chuva;Simples;Curva;Não;4;0;0;2;2;0;2;2;-20.407584399999998;-40.95407867
173051.0;2018-11-21;quarta-feira;17:20:00;262.0;6.4;CARIACICA;Desobediência às normas de trânsito pelo condutor;Colisão lateral;Com Vítimas Feridas;Pleno dia;Decrescente;Nublado;Dupla;Curva;Sim;2;0;1;0;1;0;1;2;-20.3404;-40.395
173222.0;2018-11-22;quinta-feira;17:50:00;101.0;191.0;ARACRUZ;Pista Escorregadia;Colisão traseira;Com Vítimas Feridas;Anoitecer;Crescente;Chuva;Simples;Curva;Não;5;0;4;0;1;0;4;2;-19.69351153;-40.292902000000005
173229.0;2018-11-22;quinta-feira;18:00:00;101.0;264.5;SERRA;Falta de Atenção à Condução;Colisão traseira;Com Vítimas Feridas;Pleno dia;Decrescente;Chuva;Múltipla;Reta;Sim;2;0;1;0;1;0;1;2;-20.18852237;-40.26804241
173484.0;2018-11-23;sexta-feira;21:35:00;101.0;293.5;CARIACICA;Desobediência às normas de trânsito pelo condutor;Colisão frontal;Com Vítimas Feridas;Plena Noite;Crescente;Céu Claro;Dupla;Curva;Não;3;0;0;2;1;0;2;2;-20.32287854;-40.39514802
173475.0;2018-11-23;sexta-feira;20:39:00;101.0;377.0;ICONHA;Falta de Atenção à Condução;Atropelamento de Pedestre;Com Vítimas Feridas;Plena Noite;Crescente;Céu Claro;Simples;Curva;Sim;2;0;1;1;0;0;2;1;-20.79268569;-40.80837878
173407.0;2018-11-23;sexta-feira;16:00:00;262.0;115.7;CONCEICAO DO CASTELO;Falta de Atenção à Condução;Colisão transversal;Com Vítimas Feridas;Pleno dia;Decrescente;Céu Claro;Simples;Interseção de vias;Não;4;0;2;0;2;0;2;2;-20.3205;-41.2189
173360.0;2018-11-23;sexta-feira;12:58:00;101.0;266.2;SERRA;Desobediência às normas de trânsito pelo condutor;Colisão transversal;Com Vítimas Feridas;Pleno dia;Crescente;Céu Claro;Múltipla;Interseção de vias;Sim;3;0;0;1;1;1;1;2;-20.19371596;-40.26867097
173355.0;2018-11-23;sexta-feira;11:55:00;101.0;294.7;CARIACICA;Falta de Atenção à Condução;Colisão traseira;Com Vítimas Feridas;Pleno dia;Crescente;Sol;Dupla;Reta;Sim;2;0;0;1;1;0;1;2;-20.33024111;-40.39913177
173337.0;2018-11-23;sexta-feira;09:32:00;262.0;56.0;MARECHAL FLORIANO;Desobediência às normas de trânsito pelo condutor;Colisão transversal;Com Vítimas Feridas;Pleno dia;Crescente;Nublado;Simples;Retorno Regulamentado;Sim;6;0;1;3;0;2;4;3;-20.4109;-40.7541
173659.0;2018-11-24;sábado;13:50:00;262.0;168.1;IBATIBA;Ingestão de álcool e/ou substâncias psicoativas pelo pedestre;Atropelamento de Pedestre;Com Vítimas Feridas;Pleno dia;Decrescente;Nublado;Simples;Reta;Não;2;0;0;1;1;0;1;1;-20.265;-41.5732
173560.0;2018-11-24;sábado;08:14:00;262.0;6.5;CARIACICA;Não guardar distância de segurança;Colisão traseira;Com Vítimas Feridas;Pleno dia;Crescente;Céu Claro;Múltipla;Reta;Sim;4;0;0;1;3;0;1;3;-20.3404;-40.395
173672.0;2018-11-24;sábado;16:10:00;101.0;270.8;SERRA;Falta de Atenção à Condução;Colisão com objeto estático;Com Vítimas Feridas;Pleno dia;Decrescente;Céu Claro;Simples;Não Informado;Sim;2;0;2;0;0;0;2;1;-20.23289084;-40.274818599999996
173609.0;2018-11-24;sábado;09:35:00;101.0;146.7;LINHARES;Não guardar distância de segurança;Colisão traseira;Com Vítimas Feridas;Pleno dia;Decrescente;Nublado;Múltipla;Reta;Não;2;0;1;0;1;0;1;2;-19.37508157;-40.06589413
173898.0;2018-11-25;domingo;14:50:00;101.0;262.0;SERRA;Falta de Atenção à Condução;Colisão lateral;Com Vítimas Feridas;Pleno dia;Crescente;Nublado;Múltipla;Reta;Sim;2;0;1;0;1;0;1;2;-20.15832276;-40.27617931
173983.0;2018-11-25;domingo;20:00:00;101.0;368.0;ANCHIETA;Falta de Atenção à Condução;Tombamento;Com Vítimas Feridas;Plena Noite;Crescente;Céu Claro;Simples;Reta;Não;1;0;1;0;0;0;1;1;-20.75887373;-40.75685631
173978.0;2018-11-25;domingo;19:55:00;101.0;125.0;SOORETAMA;Ingestão de Álcool;Colisão traseira;Sem Vítimas;Plena Noite;Crescente;Nublado;Múltipla;Reta;Sim;2;0;0;0;2;0;0;2;-19.18904877;-40.0947547
173973.0;2018-11-25;domingo;21:00:00;262.0;5.2;CARIACICA;Falta de Atenção à Condução;Colisão transversal;Com Vítimas Feridas;Plena Noite;Decrescente;Céu Claro;Múltipla;Curva;Sim;2;0;1;0;1;0;1;2;-20.33663945;-40.38892329
173943.0;2018-11-25;domingo;15:30:00;262.0;165.0;IBATIBA;Desobediência às normas de trânsito pelo condutor;Tombamento;Com Vítimas Feridas;Pleno dia;Decrescente;Nublado;Simples;Curva;Não;2;0;2;0;0;0;2;1;-20.2477;-41.5574
173848.0;2018-11-25;domingo;09:15:00;101.0;147.0;LINHARES;Falta de Atenção à Condução;Colisão lateral;Com Vítimas Feridas;Pleno dia;Crescente;Nublado;Simples;Interseção de vias;Sim;2;0;1;0;1;0;1;2;-19.39577328;-40.06430715
173809.0;2018-11-25;domingo;04:50:00;101.0;377.2;ICONHA;Objeto estático sobre o leito carroçável;Colisão com objeto estático;Com Vítimas Feridas;Amanhecer;Crescente;Nublado;Simples;Curva;Sim;2;0;0;1;1;0;1;2;-20.792597699999998;-40.80841541
174267.0;2018-11-26;segunda-feira;20:40:00;101.0;0.1;SERRA;Falta de Atenção à Condução;Colisão lateral;Com Vítimas Feridas;Plena Noite;Crescente;Nublado;Múltipla;Reta;Não;4;0;1;0;3;0;1;3;-20.23471017;-40.27602467
174262.0;2018-11-26;segunda-feira;20:20:00;101.0;147.2;LINHARES;Desobediência às normas de trânsito pelo condutor;Colisão transversal;Com Vítimas Feridas;Plena Noite;Decrescente;Nublado;Múltipla;Não Informado;Sim;3;0;1;0;2;0;1;2;-19.38232315;-40.06719232
174249.0;2018-11-26;segunda-feira;19:00:00;101.0;294.0;CARIACICA;Falta de Atenção à Condução;Colisão transversal;Com Vítimas Feridas;Plena Noite;Decrescente;Nublado;Dupla;Curva;Sim;3;0;0;1;1;1;1;2;-20.26992678;-40.38848877
174169.0;2018-11-26;segunda-feira;15:30:00;262.0;46.8;MARECHAL FLORIANO;Desobediência às normas de trânsito pelo condutor;Colisão transversal;Com Vítimas Feridas;Pleno dia;Crescente;Garoa/Chuvisco;Simples;Reta;Sim;2;0;0;1;1;0;1;2;-20.4046;-40.6726
174130.0;2018-11-26;segunda-feira;11:50:00;262.0;1.1;CARIACICA;Defeito Mecânico no Veículo;Incêndio;Sem Vítimas;Pleno dia;Crescente;Céu Claro;Dupla;Reta;Sim;1;0;0;0;1;0;0;1;-20.3286;-40.355
174080.0;2018-11-26;segunda-feira;09:30:00;101.0;94.0;JAGUARE;Desobediência às normas de trânsito pelo condutor;Colisão transversal;Com Vítimas Feridas;Pleno dia;Decrescente;Céu Claro;Simples;Interseção de vias;Não;6;0;2;0;4;0;2;2;-18.93291801;-39.97272491
174064.0;2018-11-26;segunda-feira;08:50:00;101.0;289.0;CARIACICA;Desobediência às normas de trânsito pelo condutor;Colisão transversal;Com Vítimas Feridas;Pleno dia;Decrescente;Sol;Dupla;Reta;Não;2;0;1;0;0;1;1;2;-20.27916077;-40.39284021
174060.0;2018-11-26;segunda-feira;08:00:00;262.0;150.0;IBATIBA;Defeito Mecânico no Veículo;Saída de leito carroçável;Com Vítimas Feridas;Pleno dia;Crescente;Sol;Simples;Reta;Não;2;0;2;0;0;0;2;1;-20.21581109;-41.44763947
174284.0;2018-11-26;segunda-feira;22:20:00;259.0;7.0;JOAO NEIVA;Carga excessiva e/ou mal acondicionada;Tombamento;Sem Vítimas;Plena Noite;Decrescente;Nublado;Simples;Curva;Não;1;0;0;0;0;1;0;1;-19.688684;-40.388706
174230.0;2018-11-26;segunda-feira;17:20:00;101.0;268.0;SERRA;Ingestão de Álcool;Colisão traseira;Sem Vítimas;Pleno dia;Decrescente;Céu Claro;Dupla;Reta;Sim;2;0;0;0;2;0;0;2;-20.22125318;-40.26996916
174355.0;2018-11-27;terça-feira;10:50:00;262.0;1.8;CARIACICA;Desobediência às normas de trânsito pelo condutor;Colisão lateral;Com Vítimas Feridas;Pleno dia;Decrescente;Nublado;Múltipla;Reta;Sim;4;0;1;0;3;0;1;2;-20.3329149;-40.35882446
174454.0;2018-11-27;terça-feira;18:20:00;259.0;99.5;BAIXO GUANDU;Falta de Atenção à Condução;Colisão transversal;Com Vítimas Feridas;Pleno dia;Crescente;Céu Claro;Simples;Reta;Sim;2;0;1;1;0;0;2;2;-19.51222709;-41.00887299
174317.0;2018-11-27;terça-feira;07:00:00;101.0;264.0;SERRA;Falta de Atenção à Condução;Colisão lateral;Com Vítimas Feridas;Pleno dia;Crescente;Nublado;Múltipla;Reta;Sim;2;0;0;1;1;0;1;2;-20.17533315;-40.26645005
174344.0;2018-11-27;terça-feira;09:40:00;101.0;289.0;CARIACICA;Falta de Atenção à Condução;Queda de ocupante de veículo;Com Vítimas Feridas;Pleno dia;Decrescente;Sol;Dupla;Desvio Temporário;Sim;1;0;1;0;0;0;1;1;-20.28783128;-40.39207589
174356.0;2018-11-27;terça-feira;11:15:00;262.0;1.7;CARIACICA;Falta de Atenção à Condução;Colisão traseira;Com Vítimas Feridas;Pleno dia;Crescente;Sol;Múltipla;Reta;Sim;2;0;1;0;1;0;1;2;-20.33291718;-40.35831928
174473.0;2018-11-27;terça-feira;23:45:00;101.0;143.5;LINHARES;Ingestão de Álcool;Saída de leito carroçável;Sem Vítimas;Plena Noite;Decrescente;Céu Claro;Dupla;Reta;Sim;1;0;0;0;1;0;0;1;-19.33576598;-40.06696701
174311.0;2018-11-27;terça-feira;06:50:00;101.0;93.5;JAGUARE;Desobediência às normas de trânsito pelo condutor;Colisão lateral;Com Vítimas Feridas;Pleno dia;Decrescente;Chuva;Simples;Reta;Não;3;0;0;2;1;0;2;2;-18.92554274;-39.96920678
174443.0;2018-11-27;terça-feira;19:00:00;101.0;276.0;SERRA;Falta de Atenção à Condução;Tombamento;Com Vítimas Feridas;Plena Noite;Crescente;Nublado;Dupla;Reta;Não;1;0;0;1;0;0;1;1;-20.20730381;-40.30814229999999
174369.0;2018-11-27;terça-feira;12:10:00;101.0;149.0;LINHARES;Falta de Atenção à Condução;Colisão transversal;Com Vítimas Feridas;Pleno dia;Decrescente;Sol;Simples;Reta;Sim;3;0;2;0;1;0;2;2;-19.39961359;-40.06224632
174424.0;2018-11-27;terça-feira;17:50:00;101.0;254.9;SERRA;Falta de Atenção à Condução;Colisão traseira;Com Vítimas Feridas;Pleno dia;Crescente;Sol;Simples;Reta;Não;2;0;0;1;1;0;1;2;-20.11489392;-40.3195921
174625.0;2018-11-28;quarta-feira;18:00:00;262.0;2.2;CARIACICA;Falta de Atenção do Pedestre;Atropelamento de Pedestre;Com Vítimas Fatais;Anoitecer;Crescente;Céu Claro;Dupla;Reta;Sim;2;1;0;0;1;0;0;1;-20.33108619;-40.36432743
174595.0;2018-11-28;quarta-feira;17:40:00;262.0;20.7;VIANA;Defeito Mecânico no Veículo;Saída de leito carroçável;Com Vítimas Feridas;Pleno dia;Decrescente;Céu Claro;Simples;Reta;Sim;1;0;1;0;0;0;1;1;-20.3884;-40.4943
174496.0;2018-11-28;quarta-feira;07:10:00;101.0;67.7;SAO MATEUS;Falta de Atenção à Condução;Colisão lateral;Com Vítimas Feridas;Pleno dia;Crescente;Céu Claro;Simples;Interseção de vias;Sim;2;0;0;2;0;0;2;2;-18.720545;-39.865883000000004
174495.0;2018-11-28;quarta-feira;06:40:00;101.0;297.8;VIANA;Falta de Atenção à Condução;Engavetamento;Com Vítimas Feridas;Pleno dia;Decrescente;Céu Claro;Dupla;Reta;Não;5;0;1;0;4;0;1;5;-20.39076;-40.49646
174753.0;2018-11-29;quinta-feira;18:00:00;101.0;261.0;SERRA;Velocidade Incompatível;Queda de ocupante de veículo;Com Vítimas Feridas;Anoitecer;Crescente;Céu Claro;Múltipla;Curva;Sim;1;0;1;0;0;0;1;1;-20.096655600000002;-40.3392842
174749.0;2018-11-29;quinta-feira;18:20:00;101.0;395.0;RIO NOVO DO SUL;Falta de Atenção à Condução;Colisão transversal;Com Vítimas Feridas;Anoitecer;Crescente;Céu Claro;Simples;Interseção de vias;Sim;2;0;0;1;1;0;1;2;-20.8660301;-40.93214035
174670.0;2018-11-29;quinta-feira;07:00:00;101.0;269.9;SERRA;Falta de Atenção à Condução;Colisão traseira;Com Vítimas Feridas;Pleno dia;Crescente;Céu Claro;Dupla;Reta;Sim;2;0;1;0;1;0;1;2;-20.22412886;-40.27026437
174704.0;2018-11-29;quinta-feira;07:20:00;101.0;181.0;ARACRUZ;Falta de Atenção à Condução;Colisão transversal;Com Vítimas Feridas;Pleno dia;Decrescente;Sol;Simples;Interseção de vias;Não;2;0;1;0;1;0;1;2;-19.63151093;-40.22637785
174723.0;2018-11-29;quinta-feira;15:30:00;101.0;362.0;ANCHIETA;Condutor Dormindo;Tombamento;Com Vítimas Feridas;Pleno dia;Decrescente;Céu Claro;Simples;Curva;Não;1;0;1;0;0;0;1;1;-20.71631745;-40.72979542
174793.0;2018-11-29;quinta-feira;21:10:00;101.0;147.0;LINHARES;Falta de Atenção à Condução;Colisão transversal;Com Vítimas Feridas;Plena Noite;Crescente;Céu Claro;Simples;Interseção de vias;Não;2;0;1;0;1;0;1;2;-19.37880614;-40.06670952
174761.0;2018-11-29;quinta-feira;19:00:00;101.0;204.5;JOAO NEIVA;Falta de Atenção à Condução;Colisão transversal;Com Vítimas Feridas;Anoitecer;Crescente;Chuva;Simples;Interseção de vias;Não;2;0;1;0;1;0;1;2;-19.75607141;-40.3799057
174908.0;2018-11-30;sexta-feira;11:40:00;101.0;261.8;SERRA;Desobediência às normas de trânsito pelo condutor;Colisão lateral;Com Vítimas Feridas;Pleno dia;Crescente;Céu Claro;Dupla;Curva;Não;5;0;2;0;3;0;2;5;-20.14900811;-40.27961992
174931.0;2018-11-30;sexta-feira;13:30:00;101.0;146.7;LINHARES;Não guardar distância de segurança;Colisão traseira;Sem Vítimas;Pleno dia;Decrescente;Céu Claro;Dupla;Reta;Sim;2;0;0;0;2;0;0;2;-19.37514298;-40.06596208
174967.0;2018-11-30;sexta-feira;15:40:00;101.0;148.6;LINHARES;Desobediência às normas de trânsito pelo pedestre;Atropelamento de Pedestre;Com Vítimas Feridas;Pleno dia;Crescente;Sol;Múltipla;Reta;Sim;3;0;2;0;1;0;2;2;-19.39412862;-40.06565809
175043.0;2018-11-30;sexta-feira;16:35:00;259.0;58.5;COLATINA;Defeito Mecânico no Veículo;Queda de ocupante de veículo;Com Vítimas Feridas;Pleno dia;Crescente;Céu Claro;Simples;Reta;Sim;2;0;2;0;0;0;2;1;-19.521255;-40.665943
174966.0;2018-11-30;sexta-feira;17:10:00;101.0;280.0;SERRA;Defeito Mecânico no Veículo;Tombamento;Com Vítimas Feridas;Anoitecer;Crescente;Céu Claro;Dupla;Reta;Não;2;0;2;0;0;0;2;1;-20.21808831;-40.35051607
174978.0;2018-11-30;sexta-feira;17:01:00;101.0;65.0;SAO MATEUS;Falta de Atenção do Pedestre;Atropelamento de Pedestre;Com Vítimas Feridas;Pleno dia;Crescente;Céu Claro;Simples;Reta;Sim;2;0;0;1;1;0;1;1;-18.70936;-39.877621000000005
175184.0;2018-12-01;sábado;12:15:00;259.0;57.3;COLATINA;Falta de Atenção à Condução;Colisão lateral;Com Vítimas Feridas;Pleno dia;Crescente;Sol;Simples;Interseção de vias;Sim;2;0;1;0;1;0;1;2;-19.508657;-40.655815000000004
175161.0;2018-12-01;sábado;10:00:00;101.0;394.1;RIO NOVO DO SUL;Falta de Atenção à Condução;Tombamento;Com Vítimas Fatais;Pleno dia;Decrescente;Nublado;Simples;Desvio Temporário;Não;1;1;0;0;0;0;0;1;-20.87145912;-40.94496315
175197.0;2018-12-01;sábado;13:40:00;101.0;88.9;SAO MATEUS;Falta de Atenção à Condução;Colisão com objeto estático;Com Vítimas Feridas;Pleno dia;Decrescente;Céu Claro;Simples;Reta;Não;1;0;0;1;0;0;1;1;-18.720545;-39.865883000000004
175205.0;2018-12-01;sábado;14:05:00;262.0;4.5;CARIACICA;Falta de Atenção à Condução;Colisão com objeto estático;Com Vítimas Feridas;Pleno dia;Decrescente;Céu Claro;Múltipla;Reta;Sim;1;0;1;0;0;0;1;1;-20.3362;-40.3783
175278.0;2018-12-01;sábado;19:30:00;262.0;49.0;MARECHAL FLORIANO;Desobediência às normas de trânsito pelo condutor;Colisão traseira;Com Vítimas Feridas;Plena Noite;Crescente;Nublado;Simples;Reta;Não;2;0;0;1;1;0;1;2;-20.4121;-40.6965
175143.0;2018-12-01;sábado;09:00:00;101.0;0.9;SERRA;Falta de Atenção à Condução;Colisão traseira;Com Vítimas Feridas;Pleno dia;Crescente;Sol;Dupla;Reta;Sim;3;0;2;0;1;0;2;2;-20.24109163;-40.28033920000001
175134.0;2018-12-01;sábado;07:10:00;101.0;1.0;VITORIA;Defeito na Via;Queda de ocupante de veículo;Com Vítimas Feridas;Pleno dia;Crescente;Céu Claro;Dupla;Reta;Sim;1;0;1;0;0;0;1;1;-20.24155813;-40.28061217
175130.0;2018-12-01;sábado;07:20:00;101.0;151.5;LINHARES;Mal Súbito;Queda de ocupante de veículo;Com Vítimas Feridas;Pleno dia;Crescente;Céu Claro;Simples;Reta;Não;2;0;1;0;1;0;1;1;-19.41576384;-40.06816864