id;data_inversa;dia_semana;horario;br;km;municipio;causa_acidente;tipo_acidente;classificacao_acidente;fase_dia;sentido_via;condicao_metereologica;tipo_pista;tracado_via;uso_solo;pessoas;mortos;feridos_leves;feridos_graves;ilesos;ignorados;feridos;veiculos;latitude;longitude
175106.0;2018-12-01;sábado;05:10:00;262.0;0.7;CARIACICA;Não guardar distância de segurança;Colisão traseira;Com Vítimas Feridas;Amanhecer;Decrescente;Céu Claro;Dupla;Reta;Sim;2;0;1;0;0;1;1;2;-20.32836985;-40.35492897
175093.0;2018-12-01;sábado;02:50:00;101.0;67.6;SAO MATEUS;Falta de Atenção à Condução;Saída de leito carroçável;Com Vítimas Feridas;Plena Noite;Crescente;Nublado;Simples;Curva;Sim;1;0;0;1;0;0;1;1;-18.72268404;-39.86206234
175082.0;2018-12-01;sábado;00:20:00;101.0;269.6;SERRA;Desobediência às normas de trânsito pelo condutor;Colisão transversal;Com Vítimas Feridas;Plena Noite;Decrescente;Nublado;Múltipla;Interseção de vias;Não;3;0;0;1;1;1;1;2;-20.22329916;-40.27032766
175171.0;2018-12-01;sábado;11:20:00;101.0;459.7;MIMOSO DO SUL;Falta de Atenção do Pedestre;Saída de leito carroçável;Com Vítimas Feridas;Pleno dia;Crescente;Nublado;Simples;Curva;Não;1;0;1;0;0;0;1;1;-21.21605135;-41.29701734
180802.0;2018-12-01;sábado;08:10:00;101.0;269.2;SERRA;Falta de Atenção à Condução;Colisão traseira;Com Vítimas Feridas;Pleno dia;Decrescente;Céu Claro;Múltipla;Reta;Sim;2;0;2;0;0;0;2;2;-20.21854498;-40.26982969
175310.0;2018-12-01;sábado;23:00:00;101.0;446.0;MIMOSO DO SUL;Pista Escorregadia;Queda de ocupante de veículo;Com Vítimas Feridas;Plena Noite;Crescente;Chuva;Simples;Reta;Não;2;0;2;0;0;0;2;1;-21.117986600000002;-41.26711071
175183.0;2018-12-01;sábado;12:10:00;101.0;223.0;IBIRACU;Falta de Atenção à Condução;Saída de leito carroçável;Com Vítimas Feridas;Pleno dia;Decrescente;Céu Claro;Simples;Curva;Não;1;0;1;0;0;0;1;1;-19.88006891;-40.41732788
175587.0;2018-12-02;domingo;16:20:00;259.0;49.8;COLATINA;Falta de Atenção à Condução;Colisão lateral;Sem Vítimas;Pleno dia;Crescente;Ignorado;Simples;Interseção de vias;Sim;3;0;0;0;0;3;0;2;-19.518734;-40.600407000000004
175549.0;2018-12-02;domingo;22:00:00;101.0;159.0;LINHARES;Falta de Atenção à Condução;Queda de ocupante de veículo;Com Vítimas Feridas;Plena Noite;Crescente;Chuva;Simples;Interseção de vias;Sim;2;0;2;0;0;0;2;1;-19.47006735;-40.11127895
175539.0;2018-12-02;domingo;21:45:00;101.0;227.0;FUNDAO;Pista Escorregadia;Saída de leito carroçável;Com Vítimas Feridas;Plena Noite;Decrescente;Chuva;Simples;Reta;Não;6;0;6;0;0;0;6;1;-19.91156004;-40.40743053
175524.0;2018-12-02;domingo;20:25:00;101.0;280.0;SERRA;Fenômenos da Natureza;Tombamento;Com Vítimas Feridas;Plena Noite;Crescente;Chuva;Dupla;Reta;Não;1;0;1;0;0;0;1;1;-20.22386522;-40.35999298
175330.0;2018-12-02;domingo;00:15:00;101.0;269.0;SERRA;Falta de Atenção à Condução;Saída de leito carroçável;Sem Vítimas;Plena Noite;Crescente;Nublado;Múltipla;Reta;Não;1;0;0;0;1;0;0;1;-20.22384697;-40.27047895
175519.0;2018-12-02;domingo;20:05:00;101.0;296.9;CARIACICA;Falta de Atenção à Condução;Colisão traseira;Com Vítimas Feridas;Plena Noite;Crescente;Chuva;Múltipla;Interseção de vias;Sim;2;0;1;1;0;0;2;2;-20.34398313;-40.40857315
175495.0;2018-12-02;domingo;17:00:00;262.0;28.0;VIANA;Pista Escorregadia;Saída de leito carroçável;Sem Vítimas;Pleno dia;Decrescente;Chuva;Dupla;Curva;Não;1;0;0;0;1;0;0;1;-20.3852;-40.5545
175491.0;2018-12-02;domingo;18:15:00;262.0;163.8;IBATIBA;Ingestão de Álcool;Colisão com objeto estático;Com Vítimas Feridas;Anoitecer;Crescente;Nublado;Simples;Curva;Não;4;0;2;2;0;0;4;1;-20.2391;-41.5452
175480.0;2018-12-02;domingo;17:20:00;101.0;273.0;SERRA;Pista Escorregadia;Colisão com objeto estático;Com Vítimas Feridas;Pleno dia;Decrescente;Chuva;Dupla;Reta;Não;2;0;2;0;0;0;2;1;-20.22604731;-40.28689474
175476.0;2018-12-02;domingo;16:50:00;262.0;160.9;IBATIBA;Carga excessiva e/ou mal acondicionada;Derramamento de carga;Com Vítimas Feridas;Pleno dia;Decrescente;Nublado;Simples;Curva;Não;2;0;1;0;1;0;1;2;-20.2374;-41.5202
175378.0;2018-12-02;domingo;06:00:00;101.0;273.9;SERRA;Objeto estático sobre o leito carroçável;Colisão com objeto estático;Com Vítimas Feridas;Amanhecer;Decrescente;Céu Claro;Simples;Reta;Sim;1;0;0;1;0;0;1;1;-20.2128017;-40.29633176
175352.0;2018-12-02;domingo;02:40:00;101.0;440.8;MIMOSO DO SUL;Falta de Atenção à Condução;Queda de ocupante de veículo;Com Vítimas Feridas;Plena Noite;Crescente;Nublado;Simples;Reta;Não;1;0;1;0;0;0;1;1;-21.08206296;-41.23993456
175339.0;2018-12-02;domingo;01:05:00;101.0;213.4;IBIRACU;Falta de Atenção à Condução;Queda de ocupante de veículo;Com Vítimas Feridas;Plena Noite;Crescente;Nublado;Simples;Reta;Sim;1;0;0;1;0;0;1;1;-19.82601594;-40.36918944
175576.0;2018-12-03;segunda-feira;00:20:00;262.0;3.0;CARIACICA;Velocidade Incompatível;Saída de leito carroçável;Com Vítimas Feridas;Plena Noite;Decrescente;Chuva;Dupla;Reta;Sim;4;0;0;1;3;0;1;4;-20.33427532;-40.369638200000004
175740.0;2018-12-03;segunda-feira;20:15:00;101.0;148.0;LINHARES;Falta de Atenção à Condução;Colisão transversal;Com Vítimas Feridas;Plena Noite;Crescente;Céu Claro;Simples;Interseção de vias;Sim;2;0;0;1;1;0;1;2;-19.39461208;-40.0652245
175674.0;2018-12-03;segunda-feira;12:00:00;259.0;103.1;BAIXO GUANDU;Pista Escorregadia;Saída de leito carroçável;Com Vítimas Feridas;Pleno dia;Decrescente;Chuva;Simples;Reta;Não;1;0;1;0;0;0;1;1;-19.517529999999997;-41.019676000000004
175662.0;2018-12-03;segunda-feira;12:30:00;101.0;192.0;JOAO NEIVA;Fenômenos da Natureza;Saída de leito carroçável;Com Vítimas Feridas;Pleno dia;Decrescente;Chuva;Simples;Não Informado;Não;2;0;1;1;0;0;2;1;-19.7207186;-40.35124563
175658.0;2018-12-03;segunda-feira;12:00:00;101.0;274.3;SERRA;Falta de Atenção à Condução;Colisão com objeto estático;Com Vítimas Feridas;Pleno dia;Decrescente;Nublado;Dupla;Curva;Sim;1;0;1;0;0;0;1;1;-20.2074298;-40.30775612
175634.0;2018-12-03;segunda-feira;10:00:00;101.0;297.5;VIANA;Falta de Atenção à Condução;Colisão lateral;Com Vítimas Feridas;Pleno dia;Decrescente;Céu Claro;Dupla;Reta;Sim;2;0;1;0;1;0;1;2;-20.35069046;-40.41292998
175612.0;2018-12-03;segunda-feira;07:45:00;101.0;1.2;SERRA;Falta de Atenção à Condução;Colisão com objeto estático;Sem Vítimas;Pleno dia;Decrescente;Garoa/Chuvisco;Dupla;Reta;Sim;2;0;0;0;2;0;0;2;-20.129093;-40.308125
175596.0;2018-12-03;segunda-feira;01:00:00;262.0;28.9;VIANA;Defeito Mecânico no Veículo;Incêndio;Sem Vítimas;Plena Noite;Decrescente;Chuva;Simples;Reta;Não;1;0;0;0;1;0;0;1;-20.3852;-40.5545
175595.0;2018-12-03;segunda-feira;04:25:00;101.0;368.0;ANCHIETA;Velocidade Incompatível;Capotamento;Com Vítimas Feridas;Plena Noite;Crescente;Céu Claro;Simples;Curva;Não;1;0;1;0;0;0;1;1;-20.69349808;-40.68992615
175594.0;2018-12-03;segunda-feira;01:30:00;101.0;209.0;IBIRACU;Velocidade Incompatível;Saída de leito carroçável;Com Vítimas Feridas;Plena Noite;Decrescente;Chuva;Simples;Reta;Não;1;0;0;1;0;0;1;1;-19.791643;-40.371393
175919.0;2018-12-04;terça-feira;23:00:00;101.0;268.2;SERRA;Desobediência às normas de trânsito pelo condutor;Colisão lateral;Com Vítimas Feridas;Plena Noite;Decrescente;Nublado;Múltipla;Reta;Sim;3;0;2;0;1;0;2;2;-20.21205001;-40.26960209
175854.0;2018-12-04;terça-feira;17:00:00;101.0;267.0;SERRA;Carga excessiva e/ou mal acondicionada;Tombamento;Com Vítimas Feridas;Pleno dia;Crescente;Nublado;Dupla;Reta;Sim;1;0;1;0;0;0;1;1;-20.20015503;-40.2691859
175976.0;2018-12-04;terça-feira;19:30:00;101.0;417.3;CACHOEIRO DE ITAPEMIRIM;Animais na Pista;Colisão traseira;Com Vítimas Feridas;Anoitecer;Crescente;Céu Claro;Simples;Reta;Não;3;0;1;0;1;1;1;3;-20.95747587;-41.09806582
175833.0;2018-12-04;terça-feira;09:30:00;262.0;177.7;IBATIBA;Desobediência às normas de trânsito pelo condutor;Saída de leito carroçável;Com Vítimas Feridas;Pleno dia;Decrescente;Nublado;Simples;Curva;Não;2;0;1;1;0;0;2;1;-20.284000000000002;-41.6513
175960.0;2018-12-05;quarta-feira;08:15:00;101.0;130.9;LINHARES;Defeito Mecânico no Veículo;Queda de ocupante de veículo;Com Vítimas Feridas;Pleno dia;Decrescente;Céu Claro;Simples;Reta;Não;1;0;0;1;0;0;1;1;-19.23626608;-40.09196704
175948.0;2018-12-05;quarta-feira;06:45:00;101.0;299.0;VIANA;Falta de Atenção à Condução;Colisão traseira;Com Vítimas Feridas;Pleno dia;Crescente;Céu Claro;Múltipla;Reta;Sim;2;0;1;0;1;0;1;2;-20.35779984;-40.42649215
175957.0;2018-12-05;quarta-feira;08:00:00;101.0;268.0;SERRA;Falta de Atenção à Condução;Queda de ocupante de veículo;Com Vítimas Feridas;Pleno dia;Crescente;Céu Claro;Múltipla;Reta;Sim;1;0;0;1;0;0;1;1;-20.20511404;-40.26952928
176106.0;2018-12-05;quarta-feira;23:15:00;101.0;147.0;LINHARES;Animais na Pista;Tombamento;Com Vítimas Feridas;Plena Noite;Decrescente;Nublado;Múltipla;Reta;Sim;1;0;1;0;0;0;1;1;-19.37947919;-40.06646812
175990.0;2018-12-05;quarta-feira;10:40:00;101.0;147.1;LINHARES;Falta de Atenção à Condução;Colisão transversal;Com Vítimas Feridas;Pleno dia;Crescente;Sol;Múltipla;Não Informado;Sim;2;0;0;1;1;0;1;2;-19.38851189;-40.06764829
176098.0;2018-12-05;quarta-feira;18:00:00;262.0;158.8;IBATIBA;Desobediência às normas de trânsito pelo condutor;Colisão lateral;Com Vítimas Feridas;Anoitecer;Decrescente;Céu Claro;Simples;Interseção de vias;Sim;2;0;1;0;1;0;1;2;-20.2322;-41.5031
176025.0;2018-12-05;quarta-feira;14:25:00;262.0;97.0;DOMINGOS MARTINS;Falta de Atenção à Condução;Colisão traseira;Com Vítimas Feridas;Pleno dia;Crescente;Sol;Simples;Reta;Não;2;0;0;1;1;0;1;2;-20.3602;-41.0768
176019.0;2018-12-05;quarta-feira;13:50:00;101.0;271.4;SERRA;Defeito Mecânico no Veículo;Queda de ocupante de veículo;Com Vítimas Feridas;Pleno dia;Decrescente;Céu Claro;Múltipla;Reta;Não;2;0;1;1;0;0;2;1;-20.22602513;-40.28562253
176105.0;2018-12-06;quinta-feira;00:10:00;101.0;69.5;SAO MATEUS;Falta de Atenção à Condução;Colisão transversal;Com Vítimas Feridas;Plena Noite;Crescente;Céu Claro;Simples;Desvio Temporário;Não;3;0;2;0;1;0;2;3;-18.74173042;-39.86143654
176270.0;2018-12-06;quinta-feira;19:35:00;262.0;159.2;IBATIBA;Falta de Atenção do Pedestre;Atropelamento de Pedestre;Com Vítimas Feridas;Anoitecer;Decrescente;Nublado;Múltipla;Interseção de vias;Sim;2;0;0;1;1;0;1;1;-20.23433495;-41.50619745
176256.0;2018-12-06;quinta-feira;18:10:00;101.0;284.5;CARIACICA;Ingestão de Álcool;Colisão lateral;Com Vítimas Feridas;Anoitecer;Decrescente;Nublado;Múltipla;Curva;Sim;3;0;2;1;0;0;3;2;-20.24669639;-40.36994934
176241.0;2018-12-06;quinta-feira;17:00:00;101.0;413.1;ITAPEMIRIM;Avarias e/ou desgaste excessivo no pneu;Colisão com objeto estático;Sem Vítimas;Pleno dia;Crescente;Céu Claro;Simples;Reta;Não;1;0;0;0;1;0;0;1;-20.91526579;-41.071014399999996
176209.0;2018-12-06;quinta-feira;14:20:00;101.0;281.8;SERRA;Objeto estático sobre o leito carroçável;Queda de ocupante de veículo;Com Vítimas Feridas;Pleno dia;Decrescente;Sol;Dupla;Reta;Não;1;0;1;0;0;0;1;1;-20.22758507;-40.36314189
176186.0;2018-12-06;quinta-feira;12:15:00;101.0;262.0;SERRA;Não guardar distância de segurança;Colisão traseira;Com Vítimas Feridas;Pleno dia;Crescente;Céu Claro;Dupla;Reta;Sim;2;0;1;0;1;0;1;2;-20.15928735;-40.27624461
176164.0;2018-12-06;quinta-feira;09:35:00;101.0;299.0;VIANA;Velocidade Incompatível;Colisão com objeto estático;Sem Vítimas;Pleno dia;Decrescente;Céu Claro;Múltipla;Reta;Sim;1;0;0;0;0;1;0;1;-20.3586443;-40.41773021
177124.0;2018-12-06;quinta-feira;23:40:00;101.0;299.8;VIANA;Falta de Atenção à Condução;Colisão transversal;Com Vítimas Feridas;Plena Noite;Crescente;Céu Claro;Simples;Interseção de vias;Não;2;0;0;1;1;0;1;2;-20.36307695;-40.44226907
176429.0;2018-12-07;sexta-feira;16:20:00;101.0;395.0;RIO NOVO DO SUL;Falta de Atenção à Condução;Colisão transversal;Com Vítimas Feridas;Pleno dia;Decrescente;Nublado;Simples;Interseção de vias;Sim;2;0;1;0;1;0;1;2;-20.866034;-40.9329178
176417.0;2018-12-07;sexta-feira;15:40:00;101.0;297.7;VIANA;Falta de Atenção à Condução;Colisão traseira;Com Vítimas Feridas;Pleno dia;Decrescente;Céu Claro;Dupla;Curva;Sim;3;0;2;0;1;0;2;2;-20.3501651;-40.41268414
176349.0;2018-12-07;sexta-feira;07:00:00;262.0;2.0;CARIACICA;Falta de Atenção à Condução;Colisão traseira;Com Vítimas Feridas;Pleno dia;Decrescente;Céu Claro;Dupla;Reta;Sim;2;0;0;1;0;1;1;2;-20.3323817;-40.36189291
176354.0;2018-12-07;sexta-feira;07:30:00;101.0;264.5;SERRA;Falta de Atenção à Condução;Colisão lateral;Com Vítimas Feridas;Pleno dia;Crescente;Céu Claro;Dupla;Interseção de vias;Sim;2;0;1;0;1;0;1;2;-20.17795113;-40.26547194
176382.0;2018-12-07;sexta-feira;10:20:00;262.0;5.6;CARIACICA;Desobediência às normas de trânsito pelo condutor;Colisão lateral;Com Vítimas Feridas;Pleno dia;Decrescente;Nublado;Dupla;Reta;Sim;2;0;1;0;1;0;1;2;-20.33908151;-40.38233846
176360.0;2018-12-07;sexta-feira;07:30:00;262.0;35.3;DOMINGOS MARTINS;Pista Escorregadia;Tombamento;Com Vítimas Feridas;Pleno dia;Decrescente;Céu Claro;Múltipla;Não Informado;Não;1;0;1;0;0;0;1;1;-20.37975091;-40.59446096
176418.0;2018-12-07;sexta-feira;14:40:00;101.0;287.5;CARIACICA;Desobediência às normas de trânsito pelo condutor;Colisão transversal;Com Vítimas Feridas;Pleno dia;Decrescente;Nublado;Dupla;Reta;Sim;2;0;0;1;1;0;1;2;-20.26853202;-40.38874716
176455.0;2018-12-07;sexta-feira;18:00:00;101.0;262.1;SERRA;Falta de Atenção à Condução;Colisão transversal;Com Vítimas Feridas;Anoitecer;Crescente;Céu Claro;Múltipla;Interseção de vias;Sim;2;0;1;0;1;0;1;2;-20.16809288;-40.27116191
176480.0;2018-12-07;sexta-feira;19:00:00;259.0;17.9;JOAO NEIVA;Falta de Atenção à Condução;Tombamento;Com Vítimas Feridas;Plena Noite;Decrescente;Garoa/Chuvisco;Simples;Curva;Não;1;0;1;0;0;0;1;1;-19.66254;-40.43988
176486.0;2018-12-07;sexta-feira;21:30:00;101.0;271.0;SERRA;Falta de Atenção à Condução;Queda de ocupante de veículo;Com Vítimas Feridas;Plena Noite;Decrescente;Chuva;Múltipla;Reta;Sim;2;0;1;0;1;0;1;1;-20.22861695;-40.28283119
176465.0;2018-12-07;sexta-feira;19:40:00;101.0;349.0;ANCHIETA;Falta de Atenção à Condução;Saída de leito carroçável;Com Vítimas Feridas;Plena Noite;Decrescente;Chuva;Simples;Reta;Não;1;0;1;0;0;0;1;1;-20.654;-40.645
176536.0;2018-12-08;sábado;02:20:00;101.0;258.5;SERRA;Pista Escorregadia;Tombamento;Com Vítimas Feridas;Plena Noite;Decrescente;Chuva;Dupla;Reta;Sim;1;0;1;0;0;0;1;1;-20.13662239;-40.2923351
176565.0;2018-12-08;sábado;06:00:00;101.0;1.0;PEDRO CANARIO;Falta de Atenção à Condução;Colisão traseira;Com Vítimas Feridas;Pleno dia;Decrescente;Chuva;Simples;Reta;Não;5;0;4;0;1;0;4;2;-18.184666;-39.922123
176601.0;2018-12-08;sábado;10:35:00;259.0;15.9;JOAO NEIVA;Velocidade Incompatível;Derramamento de carga;Sem Vítimas;Pleno dia;Crescente;Nublado;Simples;Curva;Não;1;0;0;0;1;0;0;1;-19.656694;-40.423206
176755.0;2018-12-08;sábado;22:30:00;101.0;304.0;VIANA;Falta de Atenção à Condução;Capotamento;Com Vítimas Feridas;Plena Noite;Crescente;Garoa/Chuvisco;Dupla;Reta;Sim;5;0;3;0;1;1;3;1;-20.37943183;-40.45274469
176804.0;2018-12-09;domingo;02:10:00;101.0;170.0;LINHARES;Desobediência às normas de trânsito pelo condutor;Colisão frontal;Com Vítimas Feridas;Plena Noite;Crescente;Céu Claro;Simples;Reta;Não;8;0;6;2;0;0;8;2;-19.55712115;-40.17313957
176862.0;2018-12-09;domingo;08:30:00;101.0;65.8;SAO MATEUS;Falta de Atenção à Condução;Colisão transversal;Com Vítimas Feridas;Pleno dia;Decrescente;Nublado;Simples;Interseção de vias;Sim;3;0;1;0;1;1;1;2;-18.71662053;-39.87371477
176944.0;2018-12-09;domingo;17:40:00;262.0;29.1;VIANA;Desobediência às normas de trânsito pelo condutor;Colisão lateral;Com Vítimas Feridas;Pleno dia;Crescente;Nublado;Simples;Curva;Não;3;0;1;0;2;0;1;2;-20.3813;-40.56
176980.0;2018-12-09;domingo;19:10:00;101.0;264.1;SERRA;Velocidade Incompatível;Colisão com objeto estático;Com Vítimas Feridas;Anoitecer;Crescente;Nublado;Dupla;Reta;Sim;2;0;0;2;0;0;2;1;-20.17459766;-40.266834499999995
176982.0;2018-12-09;domingo;20:10:00;101.0;287.0;CARIACICA;Desobediência às normas de trânsito pelo condutor;Colisão transversal;Com Vítimas Feridas;Plena Noite;Decrescente;Nublado;Dupla;Reta;Sim;3;0;0;3;0;0;3;2;-20.2956319;-40.39361808
177011.0;2018-12-09;domingo;22:00:00;101.0;270.0;SERRA;Falta de Atenção à Condução;Colisão transversal;Com Vítimas Feridas;Plena Noite;Crescente;Nublado;Múltipla;Interseção de vias;Sim;2;0;0;1;1;0;1;2;-20.22604526;-40.27088111
176821.0;2018-12-09;domingo;04:50:00;101.0;146.5;LINHARES;Desobediência às normas de trânsito pelo condutor;Colisão transversal;Sem Vítimas;Plena Noite;Crescente;Céu Claro;Dupla;Interseção de vias;Sim;2;0;0;0;2;0;0;2;-19.37536382;-40.06634833
177146.0;2018-12-10;segunda-feira;12:30:00;101.0;383.6;RIO NOVO DO SUL;Velocidade Incompatível;Colisão lateral;Com Vítimas Feridas;Pleno dia;Crescente;Nublado;Simples;Curva;Não;2;0;1;0;1;0;1;2;-20.82855126;-40.85671663
177265.0;2018-12-10;segunda-feira;21:50:00;101.0;425.8;ATILIO VIVACQUA;Falta de Atenção à Condução;Tombamento;Com Vítimas Feridas;Plena Noite;Crescente;Céu Claro;Simples;Reta;Não;1;0;1;0;0;0;1;1;-21.00417565;-41.13496564
177183.0;2018-12-10;segunda-feira;15:30:00;101.0;192.8;ARACRUZ;Defeito Mecânico no Veículo;Colisão com objeto estático;Com Vítimas Feridas;Pleno dia;Crescente;Nevoeiro/Neblina;Simples;Não Informado;Não;2;0;1;0;1;0;1;2;-19.69714762;-40.30151546
177189.0;2018-12-10;segunda-feira;16:20:00;262.0;30.0;DOMINGOS MARTINS;Defeito Mecânico no Veículo;Saída de leito carroçável;Com Vítimas Feridas;Pleno dia;Decrescente;Céu Claro;Simples;Curva;Não;2;0;1;1;0;0;2;1;-20.37407851;-40.5628109
177373.0;2018-12-11;terça-feira;12:00:00;101.0;294.6;CARIACICA;Desobediência às normas de trânsito pelo condutor;Queda de ocupante de veículo;Sem Vítimas;Pleno dia;Decrescente;Céu Claro;Dupla;Desvio Temporário;Sim;1;0;0;0;1;0;0;1;-20.33106984;-40.3989172
177380.0;2018-12-11;terça-feira;14:00:00;101.0;221.8;IBIRACU;Falta de Atenção à Condução;Colisão lateral;Com Vítimas Feridas;Pleno dia;Decrescente;Nublado;Simples;Curva;Não;2;0;2;0;0;0;2;2;-19.86882306;-40.40858097
177394.0;2018-12-11;terça-feira;14:25:00;262.0;28.5;VIANA;Velocidade Incompatível;Colisão com objeto estático;Com Vítimas Feridas;Pleno dia;Decrescente;Chuva;Simples;Curva;Não;2;0;1;0;1;0;1;2;-20.37852392;-40.56085825
177417.0;2018-12-11;terça-feira;16:00:00;101.0;268.5;SERRA;Falta de Atenção à Condução;Colisão com objeto estático;Sem Vítimas;Pleno dia;Crescente;Céu Claro;Dupla;Reta;Sim;1;0;0;0;1;0;0;1;-20.21410504;-40.26993865
177469.0;2018-12-11;terça-feira;22:00:00;101.0;227.8;FUNDAO;Falta de Atenção à Condução;Colisão traseira;Com Vítimas Feridas;Plena Noite;Crescente;Nublado;Simples;Reta;Sim;3;0;1;0;2;0;1;2;-19.91877289;-40.40579623
177326.0;2018-12-11;terça-feira;07:00:00;101.0;386.5;RIO NOVO DO SUL;Velocidade Incompatível;Saída de leito carroçável;Com Vítimas Feridas;Pleno dia;Crescente;Céu Claro;Simples;Curva;Não;1;0;0;1;0;0;1;1;-20.844;-40.876999999999995
177506.0;2018-12-12;quarta-feira;07:30:00;101.0;287.0;CARIACICA;Falta de Atenção do Pedestre;Atropelamento de Pedestre;Com Vítimas Feridas;Pleno dia;Crescente;Sol;Dupla;Reta;Sim;3;0;0;1;0;2;1;1;-20.25723276;-40.37713858
177514.0;2018-12-12;quarta-feira;08:20:00;101.0;254.7;SERRA;Não guardar distância de segurança;Colisão traseira;Sem Vítimas;Pleno dia;Crescente;Céu Claro;Simples;Desvio Temporário;Sim;3;0;0;0;3;0;0;3;-20.11469919;-40.31998423
177516.0;2018-12-12;quarta-feira;08:30:00;101.0;287.3;CARIACICA;Velocidade Incompatível;Tombamento;Com Vítimas Feridas;Pleno dia;Crescente;Céu Claro;Dupla;Interseção de vias;Sim;1;0;0;1;0;0;1;1;-20.26669151;-40.38709586
177552.0;2018-12-12;quarta-feira;12:40:00;101.0;1.5;SERRA;Mal Súbito;Tombamento;Com Vítimas Feridas;Pleno dia;Crescente;Sol;Dupla;Reta;Sim;1;0;1;0;0;0;1;1;-20.24268842;-40.2812773
177553.0;2018-12-12;quarta-feira;13:00:00;101.0;277.9;SERRA;Falta de Atenção à Condução;Colisão transversal;Com Vítimas Feridas;Pleno dia;Crescente;Céu Claro;Dupla;Retorno Regulamentado;Sim;4;0;1;0;3;0;1;3;-20.21701579;-40.32944117
177564.0;2018-12-12;quarta-feira;13:50:00;101.0;264.3;SERRA;Não guardar distância de segurança;Colisão lateral;Com Vítimas Feridas;Pleno dia;Crescente;Sol;Dupla;Reta;Sim;2;0;1;0;1;0;1;2;-20.17678212;-40.26597708
177577.0;2018-12-12;quarta-feira;11:30:00;101.0;70.1;SAO MATEUS;Desobediência às normas de trânsito pelo condutor;Queda de ocupante de veículo;Sem Vítimas;Pleno dia;Crescente;Sol;Simples;Reta;Não;2;0;0;0;1;1;0;2;-18.720545;-39.865883000000004
177615.0;2018-12-12;quarta-feira;17:00:00;101.0;459.6;MIMOSO DO SUL;Falta de Atenção à Condução;Saída de leito carroçável;Com Vítimas Feridas;Pleno dia;Crescente;Céu Claro;Simples;Desvio Temporário;Não;1;0;0;1;0;0;1;1;-21.21610042;-41.29674911
177647.0;2018-12-12;quarta-feira;19:30:00;101.0;409.5;ITAPEMIRIM;Falta de Atenção à Condução;Colisão transversal;Com Vítimas Feridas;Anoitecer;Decrescente;Céu Claro;Simples;Curva;Não;3;0;2;0;1;0;2;2;-20.896321;-41.0502854
177666.0;2018-12-12;quarta-feira;20:40:00;259.0;44.9;COLATINA;Velocidade Incompatível;Tombamento;Com Vítimas Feridas;Plena Noite;Decrescente;Céu Claro;Simples;Desvio Temporário;Não;1;0;0;1;0;0;1;1;-19.5337565;-40.57111870000001
177680.0;2018-12-12;quarta-feira;23:40:00;101.0;211.9;IBIRACU;Ingestão de Álcool;Atropelamento de Pedestre;Com Vítimas Feridas;Plena Noite;Crescente;Céu Claro;Simples;Curva;Não;2;0;1;0;1;0;1;1;-19.81327361;-40.36561858
177727.0;2018-12-13;quinta-feira;05:40:00;262.0;136.7;BREJETUBA;Condutor Dormindo;Colisão transversal;Com Vítimas Feridas;Amanhecer;Crescente;Céu Claro;Simples;Curva;Sim;5;0;3;0;1;1;3;2;-20.2381;-41.3395
177817.0;2018-12-13;quinta-feira;14:30:00;101.0;417.5;CACHOEIRO DE ITAPEMIRIM;Ultrapassagem Indevida;Colisão lateral;Com Vítimas Feridas;Pleno dia;Crescente;Nublado;Simples;Curva;Não;1;0;0;1;0;0;1;1;-20.95182124;-41.09032631
177790.0;2018-12-13;quinta-feira;11:45:00;101.0;264.0;SERRA;Desobediência às normas de trânsito pelo condutor;Colisão transversal;Com Vítimas Feridas;Pleno dia;Decrescente;Céu Claro;Múltipla;Reta;Sim;3;0;0;1;1;1;1;2;-20.17802713;-40.26560253
178039.0;2018-12-14;sexta-feira;13:35:00;101.0;164.8;LINHARES;Falta de Atenção à Condução;Colisão lateral;Com Vítimas Feridas;Pleno dia;Crescente;Céu Claro;Simples;Reta;Não;2;0;1;0;1;0;1;2;-19.50815257;-40.13620019
177967.0;2018-12-14;sexta-feira;06:20:00;101.0;144.9;LINHARES;Desobediência às normas de trânsito pelo condutor;Colisão transversal;Com Vítimas Feridas;Pleno dia;Crescente;Sol;Múltipla;Interseção de vias;Não;2;0;0;1;1;0;1;2;-19.39845488;-40.0644511