id;data_inversa;dia_semana;horario;br;km;municipio;causa_acidente;tipo_acidente;classificacao_acidente;fase_dia;sentido_via;condicao_metereologica;tipo_pista;tracado_via;uso_solo;pessoas;mortos;feridos_leves;feridos_graves;ilesos;ignorados;feridos;veiculos;latitude;longitude
178038.0;2018-12-14;sexta-feira;13:00:00;101.0;94.4;JAGUARE;Falta de Atenção à Condução;Colisão traseira;Com Vítimas Feridas;Pleno dia;Crescente;Sol;Simples;Não Informado;Sim;3;0;2;0;1;0;2;2;-18.93179661;-39.9724406
178097.0;2018-12-14;sexta-feira;18:40:00;101.0;248.7;SERRA;Ultrapassagem Indevida;Colisão frontal;Com Vítimas Fatais;Pleno dia;Crescente;Céu Claro;Simples;Reta;Não;3;1;1;1;0;0;2;2;-20.08373013;-40.34788371
178116.0;2018-12-14;sexta-feira;12:40:00;101.0;145.9;LINHARES;Agressão Externa;Colisão com objeto em movimento;Com Vítimas Feridas;Pleno dia;Crescente;Céu Claro;Múltipla;Reta;Sim;2;0;1;0;1;0;1;1;-19.36872073;-40.06567067
178142.0;2018-12-14;sexta-feira;20:40:00;101.0;135.0;LINHARES;Não guardar distância de segurança;Colisão traseira;Com Vítimas Feridas;Plena Noite;Crescente;Céu Claro;Simples;Reta;Não;3;0;1;0;2;0;1;3;-19.27461865;-40.08799922
178393.0;2018-12-15;sábado;19:35:00;101.0;19.0;PEDRO CANARIO;Falta de Atenção à Condução;Colisão transversal;Com Vítimas Feridas;Plena Noite;Crescente;Céu Claro;Simples;Curva;Não;2;0;0;1;0;1;1;2;-18.318481;-39.954372
178247.0;2018-12-15;sábado;08:00:00;101.0;66.2;SAO MATEUS;Falta de Atenção à Condução;Colisão traseira;Com Vítimas Feridas;Pleno dia;Crescente;Nublado;Simples;Reta;Sim;2;0;1;0;1;0;1;2;-18.716522;-39.874359000000005
178291.0;2018-12-15;sábado;11:00:00;101.0;341.5;GUARAPARI;Ultrapassagem Indevida;Colisão frontal;Com Vítimas Feridas;Pleno dia;Crescente;Céu Claro;Simples;Reta;Não;5;0;4;0;1;0;4;3;-20.6555;-40.5789
178309.0;2018-12-15;sábado;10:00:00;101.0;311.0;VIANA;Defeito Mecânico no Veículo;Tombamento;Com Vítimas Feridas;Pleno dia;Decrescente;Céu Claro;Simples;Reta;Não;2;0;2;0;0;0;2;1;-20.43988163;-40.46024323
178349.0;2018-12-15;sábado;17:30:00;101.0;142.0;LINHARES;Falta de Atenção à Condução;Colisão traseira;Com Vítimas Feridas;Pleno dia;Crescente;Céu Claro;Múltipla;Reta;Sim;2;0;1;0;1;0;1;2;-19.32993464;-40.07091522
178364.0;2018-12-15;sábado;18:35:00;101.0;255.1;SERRA;Desobediência às normas de trânsito pelo condutor;Atropelamento de Pedestre;Com Vítimas Feridas;Anoitecer;Crescente;Céu Claro;Simples;Reta;Sim;2;0;2;0;0;0;2;2;-20.11489336;-40.31983679
178384.0;2018-12-15;sábado;19:30:00;101.0;63.0;SAO MATEUS;Defeito Mecânico no Veículo;Colisão traseira;Com Vítimas Feridas;Plena Noite;Decrescente;Céu Claro;Simples;Reta;Não;4;0;1;0;3;0;1;3;-18.698418;-39.864826
178397.0;2018-12-15;sábado;20:30:00;101.0;316.5;GUARAPARI;Ultrapassagem Indevida;Tombamento;Com Vítimas Feridas;Plena Noite;Crescente;Céu Claro;Simples;Reta;Não;1;0;0;1;0;0;1;1;-20.4903813;-40.47740936
178446.0;2018-12-16;domingo;00:20:00;101.0;283.0;CARIACICA;Falta de Atenção à Condução;Queda de ocupante de veículo;Com Vítimas Feridas;Plena Noite;Crescente;Céu Claro;Dupla;Curva;Não;1;0;0;1;0;0;1;1;-20.23744648;-40.36993157
178453.0;2018-12-16;domingo;00:20:00;101.0;293.6;CARIACICA;Desobediência às normas de trânsito pelo condutor;Colisão transversal;Com Vítimas Feridas;Plena Noite;Crescente;Céu Claro;Múltipla;Curva;Sim;4;0;3;0;1;0;3;2;-20.32105836;-40.39602309
178460.0;2018-12-16;domingo;01:10:00;262.0;177.0;IBATIBA;Condutor Dormindo;Queda de ocupante de veículo;Com Vítimas Fatais;Plena Noite;Decrescente;Céu Claro;Simples;Curva;Sim;1;1;0;0;0;0;0;1;-20.28475095;-41.65155172
178482.0;2018-12-16;domingo;04:30:00;259.0;60.0;COLATINA;Ingestão de Álcool;Colisão frontal;Com Vítimas Feridas;Amanhecer;Crescente;Céu Claro;Simples;Curva;Não;2;0;0;1;1;0;1;2;-19.525307;-40.674618
178483.0;2018-12-16;domingo;05:10:00;101.0;296.5;CARIACICA;Velocidade Incompatível;Queda de ocupante de veículo;Com Vítimas Feridas;Amanhecer;Crescente;Céu Claro;Múltipla;Curva;Sim;2;0;0;2;0;0;2;1;-20.34271097;-40.4046515
178705.0;2018-12-16;domingo;21:00:00;101.0;119.0;SOORETAMA;Ultrapassagem Indevida;Capotamento;Sem Vítimas;Plena Noite;Crescente;Céu Claro;Simples;Reta;Não;2;0;0;0;0;2;0;1;-19.08972822;-40.04734397
178646.0;2018-12-16;domingo;19:45:00;259.0;30.5;COLATINA;Ingestão de Álcool;Colisão frontal;Com Vítimas Feridas;Plena Noite;Crescente;Céu Claro;Simples;Reta;Não;6;0;2;3;1;0;5;2;-19.595185999999998;-40.506504
178577.0;2018-12-16;domingo;15:30:00;262.0;16.4;VIANA;Não guardar distância de segurança;Colisão traseira;Com Vítimas Feridas;Pleno dia;Decrescente;Sol;Simples;Reta;Não;3;0;1;0;2;0;1;2;-20.3836;-40.4608
178492.0;2018-12-16;domingo;03:30:00;262.0;98.0;VENDA NOVA DO IMIGRANTE;Condutor Dormindo;Tombamento;Com Vítimas Feridas;Plena Noite;Crescente;Céu Claro;Simples;Reta;Não;1;0;1;0;0;0;1;1;-20.3561;-41.0852
178561.0;2018-12-16;domingo;12:40:00;101.0;165.5;LINHARES;Ultrapassagem Indevida;Capotamento;Com Vítimas Feridas;Pleno dia;Decrescente;Céu Claro;Simples;Reta;Sim;3;0;1;0;2;0;1;2;-19.52400793;-40.14888167
178551.0;2018-12-16;domingo;11:30:00;101.0;98.5;JAGUARE;Falta de Atenção à Condução;Colisão transversal;Com Vítimas Feridas;Pleno dia;Crescente;Céu Claro;Simples;Não Informado;Não;3;0;1;0;2;0;1;2;-18.94919796;-39.98085025
178494.0;2018-12-16;domingo;06:50:00;101.0;258.0;SERRA;Animais na Pista;Atropelamento de Animal;Com Vítimas Feridas;Pleno dia;Crescente;Céu Claro;Dupla;Reta;Sim;1;0;0;1;0;0;1;1;-20.13091088;-40.2959544
178499.0;2018-12-16;domingo;07:15:00;101.0;173.0;ARACRUZ;Defeito Mecânico no Veículo;Tombamento;Com Vítimas Feridas;Pleno dia;Crescente;Céu Claro;Simples;Reta;Não;3;0;1;1;0;1;2;2;-19.60841721;-40.20632171
178876.0;2018-12-17;segunda-feira;16:25:00;101.0;309.3;VIANA;Falta de Atenção à Condução;Atropelamento de Pedestre;Com Vítimas Feridas;Pleno dia;Crescente;Céu Claro;Simples;Reta;Sim;5;0;0;1;4;0;1;3;-20.42034675;-40.45968088
178778.0;2018-12-17;segunda-feira;06:33:00;101.0;297.8;VIANA;Falta de Atenção à Condução;Colisão lateral;Com Vítimas Feridas;Pleno dia;Crescente;Sol;Dupla;Reta;Sim;2;0;1;0;1;0;1;2;-20.35357057;-40.41547179
178898.0;2018-12-17;segunda-feira;18:40:00;101.0;264.0;SERRA;Falta de Atenção à Condução;Colisão traseira;Com Vítimas Feridas;Anoitecer;Decrescente;Céu Claro;Múltipla;Reta;Sim;2;0;1;0;1;0;1;2;-20.17626481;-40.26609605
178892.0;2018-12-17;segunda-feira;18:05:00;101.0;159.4;LINHARES;Falta de Atenção à Condução;Colisão traseira;Com Vítimas Feridas;Pleno dia;Crescente;Céu Claro;Simples;Reta;Não;2;0;1;0;1;0;1;2;-19.46549517;-40.10817831
178877.0;2018-12-17;segunda-feira;16:15:00;101.0;315.8;VILA VELHA;Falta de Atenção à Condução;Capotamento;Com Vítimas Feridas;Pleno dia;Crescente;Céu Claro;Simples;Curva;Não;2;0;2;0;0;0;2;1;-20.476266;-40.47114379999999
178842.0;2018-12-17;segunda-feira;13:00:00;101.0;266.2;SERRA;Desobediência às normas de trânsito pelo condutor;Colisão com objeto estático;Com Vítimas Feridas;Pleno dia;Crescente;Céu Claro;Múltipla;Reta;Sim;3;0;0;2;1;0;2;2;-20.1941288;-40.26892846
178839.0;2018-12-17;segunda-feira;12:40:00;101.0;67.4;SAO MATEUS;Falta de Atenção à Condução;Queda de ocupante de veículo;Com Vítimas Feridas;Pleno dia;Crescente;Nublado;Simples;Reta;Sim;2;0;1;0;1;0;1;2;-18.720545;-39.865883000000004
178794.0;2018-12-17;segunda-feira;08:30:00;101.0;414.7;CACHOEIRO DE ITAPEMIRIM;Falta de Atenção à Condução;Colisão traseira;Com Vítimas Feridas;Pleno dia;Decrescente;Céu Claro;Simples;Reta;Sim;2;0;1;1;0;0;2;1;-20.92725151;-41.07895374
178770.0;2018-12-17;segunda-feira;05:45:00;101.0;264.3;SERRA;Não guardar distância de segurança;Colisão traseira;Com Vítimas Feridas;Amanhecer;Crescente;Céu Claro;Dupla;Reta;Sim;3;0;3;0;0;0;3;2;-20.17681593;-40.26595029
178727.0;2018-12-17;segunda-feira;00:30:00;101.0;273.6;SERRA;Ingestão de Álcool;Colisão traseira;Com Vítimas Feridas;Plena Noite;Crescente;Céu Claro;Dupla;Reta;Sim;5;0;2;1;2;0;3;2;-20.20813003;-40.30461442
179059.0;2018-12-18;terça-feira;16:25:00;101.0;270.0;SERRA;Falta de Atenção à Condução;Colisão lateral;Com Vítimas Feridas;Pleno dia;Decrescente;Sol;Múltipla;Reta;Sim;2;0;1;0;1;0;1;2;-20.22928138;-40.27229548
179010.0;2018-12-18;terça-feira;09:50:00;262.0;156.5;IBATIBA;Falta de Atenção à Condução;Colisão transversal;Com Vítimas Feridas;Pleno dia;Decrescente;Sol;Simples;Reta;Não;2;0;1;0;1;0;1;2;-20.2306;-41.4851
179007.0;2018-12-18;terça-feira;09:00:00;101.0;2.3;VITORIA;Falta de Atenção à Condução;Colisão traseira;Com Vítimas Feridas;Pleno dia;Crescente;Sol;Dupla;Reta;Sim;2;0;1;0;1;0;1;2;-20.24747241;-40.28437983
178998.0;2018-12-18;terça-feira;07:40:00;101.0;291.4;CARIACICA;Falta de Atenção à Condução;Colisão lateral;Com Vítimas Feridas;Pleno dia;Crescente;Céu Claro;Dupla;Reta;Sim;2;0;1;0;1;0;1;2;-20.3220919;-40.39569855
178984.0;2018-12-18;terça-feira;07:50:00;262.0;104.0;VENDA NOVA DO IMIGRANTE;Desobediência às normas de trânsito pelo condutor;Colisão transversal;Com Vítimas Feridas;Pleno dia;Decrescente;Céu Claro;Simples;Rotatória;Sim;2;0;1;0;1;0;1;2;-20.332887;-41.12956703
178958.0;2018-12-18;terça-feira;01:10:00;101.0;270.8;SERRA;Pista Escorregadia;Queda de ocupante de veículo;Com Vítimas Feridas;Plena Noite;Crescente;Céu Claro;Dupla;Viaduto;Sim;2;0;1;1;0;0;2;1;-20.2328435;-40.27570120000001
179082.0;2018-12-18;terça-feira;18:00:00;101.0;1.0;SERRA;Falta de Atenção à Condução;Colisão lateral;Com Vítimas Feridas;Anoitecer;Decrescente;Céu Claro;Dupla;Reta;Sim;3;0;1;0;2;0;1;3;-20.129093;-40.308125
179086.0;2018-12-18;terça-feira;17:15:00;262.0;105.0;VITORIA;Falta de Atenção à Condução;Colisão transversal;Com Vítimas Feridas;Pleno dia;Crescente;Céu Claro;Simples;Interseção de vias;Sim;2;0;1;0;1;0;1;2;-20.304691199999997;-40.3038208
179322.0;2018-12-19;quarta-feira;19:00:00;262.0;3.9;CARIACICA;Falta de Atenção à Condução;Colisão traseira;Com Vítimas Feridas;Anoitecer;Decrescente;Céu Claro;Dupla;Reta;Sim;2;0;1;0;1;0;1;2;-20.3332;-40.3685
179296.0;2018-12-19;quarta-feira;15:50:00;101.0;298.0;VIANA;Desobediência às normas de trânsito pelo pedestre;Atropelamento de Pedestre;Com Vítimas Feridas;Pleno dia;Crescente;Céu Claro;Múltipla;Reta;Sim;2;0;1;0;1;0;1;1;-20.35555673;-40.41732972
179342.0;2018-12-19;quarta-feira;21:30:00;101.0;12.0;PEDRO CANARIO;Falta de Atenção à Condução;Colisão transversal;Sem Vítimas;Plena Noite;Decrescente;Céu Claro;Simples;Reta;Não;2;0;0;0;2;0;0;2;-18.265766;-39.957359000000004
179188.0;2018-12-19;quarta-feira;08:30:00;101.0;1.0;VITORIA;Falta de Atenção à Condução;Colisão lateral;Com Vítimas Feridas;Pleno dia;Decrescente;Céu Claro;Dupla;Reta;Sim;2;0;1;0;1;0;1;2;-20.24369216;-40.28200692
179350.0;2018-12-19;quarta-feira;22:45:00;447.0;13.2;VILA VELHA;Ingestão de Álcool;Colisão com objeto estático;Sem Vítimas;Plena Noite;Crescente;Céu Claro;Dupla;Reta;Sim;3;0;0;0;3;0;0;3;-20.34183311;-40.32823118
179353.0;2018-12-19;quarta-feira;21:20:00;259.0;62.5;COLATINA;Falta de Atenção à Condução;Colisão transversal;Com Vítimas Feridas;Plena Noite;Crescente;Céu Claro;Simples;Reta;Não;2;0;1;0;1;0;1;2;-19.531239000000003;-40.689915
189469.0;2018-12-19;quarta-feira;17:30:00;259.0;56.0;COLATINA;Falta de Atenção à Condução;Queda de ocupante de veículo;Com Vítimas Feridas;Pleno dia;Crescente;Céu Claro;Simples;Interseção de vias;Sim;2;0;1;0;0;1;1;2;-19.49829311;-40.63148282
179370.0;2018-12-20;quinta-feira;00:45:00;393.0;3.0;CACHOEIRO DE ITAPEMIRIM;Falta de Atenção do Pedestre;Atropelamento de Pedestre;Com Vítimas Feridas;Plena Noite;Crescente;Nublado;Simples;Reta;Sim;2;0;0;1;0;1;1;1;-20.827582999999997;-41.182526
179395.0;2018-12-20;quinta-feira;05:15:00;393.0;5.6;CACHOEIRO DE ITAPEMIRIM;Velocidade Incompatível;Colisão traseira;Com Vítimas Feridas;Amanhecer;Decrescente;Céu Claro;Simples;Curva;Não;2;0;1;0;1;0;1;2;-20.82224919;-41.20350664
179397.0;2018-12-20;quinta-feira;06:30:00;262.0;4.1;CARIACICA;Ingestão de Álcool;Queda de ocupante de veículo;Com Vítimas Feridas;Pleno dia;Crescente;Céu Claro;Dupla;Reta;Sim;2;0;1;0;0;1;1;2;-20.3362;-40.3783
179532.0;2018-12-20;quinta-feira;17:00:00;393.0;7.2;CACHOEIRO DE ITAPEMIRIM;Falta de Atenção à Condução;Colisão transversal;Com Vítimas Feridas;Anoitecer;Crescente;Céu Claro;Simples;Curva;Não;2;0;1;0;1;0;1;2;-20.827582999999997;-41.182526
179416.0;2018-12-20;quinta-feira;07:25:00;101.0;149.0;LINHARES;Falta de Atenção à Condução;Atropelamento de Pedestre;Com Vítimas Feridas;Pleno dia;Crescente;Sol;Dupla;Interseção de vias;Sim;2;0;0;2;0;0;2;1;-19.38150021;-40.06684564
179427.0;2018-12-20;quinta-feira;09:10:00;101.0;266.3;SERRA;Falta de Atenção à Condução;Tombamento;Com Vítimas Feridas;Pleno dia;Crescente;Céu Claro;Múltipla;Reta;Sim;1;0;0;1;0;0;1;1;-20.19452378;-40.2687076
179429.0;2018-12-20;quinta-feira;08:20:00;101.0;393.2;RIO NOVO DO SUL;Falta de Atenção à Condução;Colisão traseira;Sem Vítimas;Pleno dia;Crescente;Céu Claro;Simples;Reta;Não;3;0;0;0;3;0;0;3;-20.8655703;-40.9154196
179435.0;2018-12-20;quinta-feira;09:30:00;101.0;49.7;SAO MATEUS;Falta de Atenção à Condução;Colisão transversal;Com Vítimas Feridas;Pleno dia;Crescente;Céu Claro;Simples;Interseção de vias;Não;2;0;1;0;1;0;1;2;-18.57725;-39.894962
179456.0;2018-12-20;quinta-feira;10:30:00;101.0;447.5;MIMOSO DO SUL;Avarias e/ou desgaste excessivo no pneu;Tombamento;Com Vítimas Feridas;Pleno dia;Crescente;Sol;Simples;Curva;Não;2;0;2;0;0;0;2;1;-21.12837985;-41.28001213
179475.0;2018-12-20;quinta-feira;13:10:00;101.0;257.4;SERRA;Falta de Atenção à Condução;Colisão lateral;Sem Vítimas;Pleno dia;Crescente;Céu Claro;Dupla;Rotatória;Sim;2;0;0;0;2;0;0;2;-20.12793645;-40.29959592
179523.0;2018-12-20;quinta-feira;15:35:00;262.0;130.0;BREJETUBA;Não guardar distância de segurança;Colisão traseira;Com Vítimas Feridas;Pleno dia;Crescente;Sol;Simples;Reta;Não;3;0;1;0;2;0;1;2;-20.2596;-41.298
179614.0;2018-12-20;quinta-feira;22:15:00;101.0;268.5;SERRA;Desobediência às normas de trânsito pelo condutor;Atropelamento de Pedestre;Com Vítimas Feridas;Plena Noite;Crescente;Céu Claro;Múltipla;Reta;Sim;2;0;1;0;1;0;1;1;-20.21145941;-40.26980731
179402.0;2018-12-20;quinta-feira;06:20:00;101.0;214.8;IBIRACU;Avarias e/ou desgaste excessivo no pneu;Tombamento;Com Vítimas Feridas;Amanhecer;Crescente;Céu Claro;Simples;Curva;Sim;1;0;1;0;0;0;1;1;-19.83060452;-40.37939809
185921.0;2018-12-21;sexta-feira;09:30:00;101.0;273.5;SERRA;Falta de Atenção do Pedestre;Atropelamento de Pedestre;Com Vítimas Fatais;Pleno dia;Decrescente;Céu Claro;Dupla;Reta;Não;2;1;0;1;0;0;1;1;-20.21526286;-40.29429143
180877.0;2018-12-21;sexta-feira;23:50:00;262.0;106.0;VENDA NOVA DO IMIGRANTE;Falta de Atenção à Condução;Tombamento;Com Vítimas Feridas;Plena Noite;Crescente;Nublado;Simples;Reta;Não;2;0;1;1;0;0;2;1;-20.3272;-41.147
179723.0;2018-12-21;sexta-feira;10:40:00;101.0;142.4;LINHARES;Falta de Atenção à Condução;Colisão transversal;Com Vítimas Feridas;Pleno dia;Crescente;Sol;Dupla;Reta;Não;2;0;1;0;1;0;1;2;-19.33308872;-40.068696200000005
179661.0;2018-12-21;sexta-feira;06:00:00;101.0;268.0;SERRA;Falta de Atenção do Pedestre;Atropelamento de Pedestre;Com Vítimas Feridas;Amanhecer;Decrescente;Céu Claro;Múltipla;Reta;Sim;2;0;1;0;1;0;1;1;-20.20871077;-40.26942643
179803.0;2018-12-21;sexta-feira;17:10:00;101.0;265.3;SERRA;Falta de Atenção à Condução;Colisão traseira;Com Vítimas Feridas;Pleno dia;Decrescente;Céu Claro;Dupla;Não Informado;Sim;3;0;1;0;2;0;1;2;-20.1840451;-40.266693700000005
179808.0;2018-12-21;sexta-feira;17:35:00;101.0;266.0;SERRA;Falta de Atenção à Condução;Colisão traseira;Com Vítimas Feridas;Pleno dia;Crescente;Céu Claro;Múltipla;Reta;Sim;2;0;1;0;1;0;1;2;-20.18795619;-40.26833838
179827.0;2018-12-21;sexta-feira;18:10:00;101.0;273.2;SERRA;Velocidade Incompatível;Capotamento;Sem Vítimas;Pleno dia;Crescente;Céu Claro;Dupla;Reta;Sim;1;0;0;0;1;0;0;1;-20.2194468;-40.29108239999999
179859.0;2018-12-21;sexta-feira;19:30:00;101.0;376.0;ICONHA;Falta de Atenção à Condução;Colisão transversal;Com Vítimas Feridas;Plena Noite;Crescente;Céu Claro;Simples;Reta;Sim;2;0;1;1;0;0;2;2;-20.79559666;-40.81626892
179894.0;2018-12-21;sexta-feira;22:50:00;262.0;0.5;CARIACICA;Defeito Mecânico no Veículo;Queda de ocupante de veículo;Com Vítimas Feridas;Plena Noite;Crescente;Céu Claro;Dupla;Ponte;Sim;2;0;1;1;0;0;2;1;-20.321218;-40.35095
179688.0;2018-12-21;sexta-feira;08:40:00;101.0;87.0;SAO MATEUS;Velocidade Incompatível;Tombamento;Com Vítimas Feridas;Pleno dia;Crescente;Céu Claro;Simples;Desvio Temporário;Não;1;0;1;0;0;0;1;1;-18.720545;-39.865883000000004
179897.0;2018-12-21;sexta-feira;23:00:00;262.0;0.7;CARIACICA;Ingestão de Álcool;Colisão traseira;Sem Vítimas;Plena Noite;Crescente;Céu Claro;Dupla;Ponte;Sim;4;0;0;0;4;0;0;4;-20.321218;-40.35095
179895.0;2018-12-21;sexta-feira;21:15:00;259.0;41.0;COLATINA;Defeito Mecânico no Veículo;Queda de ocupante de veículo;Com Vítimas Feridas;Plena Noite;Crescente;Céu Claro;Simples;Reta;Não;2;0;1;1;0;0;2;1;-19.550865899999998;-40.5588854
179650.0;2018-12-21;sexta-feira;03:50:00;101.0;35.0;CONCEICAO DA BARRA;Falta de Atenção à Condução;Saída de leito carroçável;Com Vítimas Feridas;Plena Noite;Decrescente;Céu Claro;Simples;Reta;Não;3;0;2;1;0;0;3;1;-18.454182;-39.930756
179944.0;2018-12-22;sábado;04:00:00;262.0;136.7;BREJETUBA;Animais na Pista;Saída de leito carroçável;Com Vítimas Feridas;Plena Noite;Decrescente;Nublado;Simples;Curva;Não;3;0;1;1;1;0;2;1;-20.2381;-41.3395
179980.0;2018-12-22;sábado;07:50:00;101.0;103.6;SOORETAMA;Não guardar distância de segurança;Colisão traseira;Com Vítimas Feridas;Pleno dia;Decrescente;Céu Claro;Simples;Reta;Não;6;0;3;0;3;0;3;3;-19.04686584;-40.02731323
179981.0;2018-12-22;sábado;07:20:00;101.0;265.0;SERRA;Falta de Atenção à Condução;Colisão lateral;Com Vítimas Feridas;Pleno dia;Crescente;Céu Claro;Dupla;Reta;Sim;3;0;2;0;1;0;2;2;-20.18033149;-40.26542231
180211.0;2018-12-22;sábado;20:10:00;262.0;46.5;MARECHAL FLORIANO;Falta de Atenção à Condução;Colisão transversal;Com Vítimas Feridas;Plena Noite;Crescente;Céu Claro;Simples;Interseção de vias;Sim;4;0;2;0;2;0;2;2;-20.4046;-40.6726
179993.0;2018-12-22;sábado;07:50:00;101.0;437.4;MIMOSO DO SUL;Falta de Atenção à Condução;Saída de leito carroçável;Com Vítimas Feridas;Pleno dia;Decrescente;Céu Claro;Simples;Reta;Não;6;0;3;0;2;1;3;3;-21.06249527;-41.21343266
180043.0;2018-12-22;sábado;11:30:00;101.0;258.4;SERRA;Defeito Mecânico no Veículo;Colisão traseira;Com Vítimas Feridas;Pleno dia;Crescente;Sol;Dupla;Desvio Temporário;Sim;2;0;0;1;1;0;1;2;-20.13306382;-40.29347512
180218.0;2018-12-22;sábado;20:00:00;101.0;267.8;SERRA;Desobediência às normas de trânsito pelo condutor;Colisão transversal;Com Vítimas Feridas;Plena Noite;Crescente;Nublado;Dupla;Interseção de vias;Sim;2;0;0;1;1;0;1;2;-20.21521079;-40.26988551
181957.0;2018-12-22;sábado;15:13:00;262.0;113.0;VENDA NOVA DO IMIGRANTE;Deficiência ou não Acionamento do Sistema de Iluminação/Sinalização do Veículo;Colisão traseira;Sem Vítimas;Pleno dia;Crescente;Céu Claro;Simples;Reta;Não;2;0;0;0;2;0;0;2;-20.32604355;-41.20889696
179939.0;2018-12-22;sábado;04:00:00;101.0;264.0;SERRA;Desobediência às normas de trânsito pelo condutor;Colisão com objeto estático;Sem Vítimas;Plena Noite;Decrescente;Céu Claro;Múltipla;Reta;Sim;1;0;0;0;0;1;0;1;-20.17312279;-40.26727622
180060.0;2018-12-22;sábado;12:47:00;101.0;258.4;SERRA;Não guardar distância de segurança;Colisão traseira;Com Vítimas Feridas;Pleno dia;Decrescente;Sol;Dupla;Não Informado;Sim;4;0;0;1;2;1;1;2;-20.13391729;-40.292916299999995
180228.0;2018-12-22;sábado;21:10:00;101.0;293.0;CARIACICA;Falta de Atenção à Condução;Tombamento;Com Vítimas Feridas;Plena Noite;Decrescente;Céu Claro;Múltipla;Reta;Sim;1;0;1;0;0;0;1;1;-20.31790646;-40.39569855
180363.0;2018-12-23;domingo;09:30:00;262.0;3.8;CARIACICA;Desobediência às normas de trânsito pelo condutor;Colisão transversal;Com Vítimas Feridas;Pleno dia;Crescente;Céu Claro;Múltipla;Curva;Sim;2;0;1;0;1;0;1;2;-20.3362;-40.3783
180392.0;2018-12-23;domingo;11:15:00;101.0;393.0;RIO NOVO DO SUL;Falta de Atenção à Condução;Colisão traseira;Com Vítimas Feridas;Pleno dia;Decrescente;Céu Claro;Simples;Reta;Não;3;0;2;0;1;0;2;2;-20.86577446;-40.913714500000005
180400.0;2018-12-23;domingo;09:45:00;262.0;4.1;CARIACICA;Ingestão de Álcool;Tombamento;Com Vítimas Feridas;Pleno dia;Decrescente;Céu Claro;Múltipla;Reta;Sim;1;0;1;0;0;0;1;1;-20.3362;-40.3783
180303.0;2018-12-23;domingo;02:50:00;101.0;45.0;CONCEICAO DA BARRA;Defeito Mecânico no Veículo;Saída de leito carroçável;Sem Vítimas;Plena Noite;Crescente;Céu Claro;Simples;Reta;Não;1;0;0;0;1;0;0;1;-18.542835;-39.905471999999996
180446.0;2018-12-23;domingo;16:00:00;262.0;36.0;DOMINGOS MARTINS;Desobediência às normas de trânsito pelo condutor;Colisão lateral;Com Vítimas Feridas;Pleno dia;Crescente;Sol;Simples;Curva;Não;2;0;0;1;1;0;1;2;-20.3815;-40.601
180474.0;2018-12-23;domingo;18:30:00;101.0;197.1;JOAO NEIVA;Falta de Atenção à Condução;Saída de leito carroçável;Com Vítimas Feridas;Pleno dia;Crescente;Sol;Simples;Reta;Não;1;0;0;1;0;0;1;1;-19.73847456;-40.36395594
180492.0;2018-12-23;domingo;19:30:00;101.0;208.0;JOAO NEIVA;Falta de Atenção à Condução;Colisão com objeto estático;Com Vítimas Feridas;Plena Noite;Crescente;Céu Claro;Múltipla;Curva;Sim;2;0;1;0;1;0;1;1;-19.77891776;-40.37224623
180305.0;2018-12-23;domingo;03:30:00;101.0;329.1;GUARAPARI;Velocidade Incompatível;Saída de leito carroçável;Com Vítimas Feridas;Plena Noite;Crescente;Céu Claro;Simples;Curva;Não;1;0;1;0;0;0;1;1;-20.58562597;-40.49715042
180494.0;2018-12-23;domingo;18:40:00;482.0;17.0;CACHOEIRO DE ITAPEMIRIM;Desobediência às normas de trânsito pelo condutor;Colisão transversal;Com Vítimas Feridas;Anoitecer;Crescente;Céu Claro;Simples;Curva;Não;11;0;0;8;3;0;8;2;-20.83934;-41.083892999999996
180549.0;2018-12-23;domingo;17:30:00;101.0;92.7;JAGUARE;Falta de Atenção à Condução;Queda de ocupante de veículo;Com Vítimas Feridas;Pleno dia;Crescente;Nublado;Simples;Reta;Não;1;0;1;0;0;0;1;1;-18.92772195;-39.97238159
180505.0;2018-12-23;domingo;19:10:00;259.0;58.2;COLATINA;Falta de Atenção à Condução;Colisão lateral;Sem Vítimas;Anoitecer;Decrescente;Céu Claro;Múltipla;Reta;Sim;2;0;0;0;2;0;0;2;-19.514467;-40.660786
180340.0;2018-12-23;domingo;08:35:00;101.0;100.3;JAGUARE;Desobediência às normas de trânsito pelo condutor;Saída de leito carroçável;Com Vítimas Feridas;Pleno dia;Crescente;Sol;Simples;Reta;Não;2;0;1;0;1;0;1;1;-18.98213255;-39.99638386